departamento;provincia;distrito;ubigeo;capital_legal;categoría;altitud;población;latitud;longitud
Amazonas;Chachapoyas;Chachapoyas;010101;Chachapoyas;Ciudad;2338.0;41843;-6.22944444;-77.87277778
Amazonas;Chachapoyas;Asunción;010102;Asunción;Pueblo;2822.9;269;-6.0325;-77.71083333
Amazonas;Chachapoyas;Balsas;010103;Balsas;Pueblo;859.4;1125;-6.83583333;-78.01972222
Amazonas;Chachapoyas;Cheto;010104;Cheto;Pueblo;2142.6;716;-6.25555556;-77.70083333
Amazonas;Chachapoyas;Chiliquín;010105;Chiliquín;Pueblo;2677.0;554;-6.07833333;-77.7375
Amazonas;Chachapoyas;Chuquibamba;010106;Chuquibamba;Pueblo;2802.7;1872;-6.935;-77.85416667
Amazonas;Chachapoyas;Granada;010107;Granada;Pueblo;3041.1;551;-6.10638889;-77.62861111
Amazonas;Chachapoyas;Huancas;010108;Huancas;Pueblo;2591.4;1538;-6.17361111;-77.86444444
Amazonas;Chachapoyas;La Jalca;010109;La Jalca;Pueblo;2869.1;3279;-6.48472222;-77.815
Amazonas;Chachapoyas;Leimebamba;010110;Leimebamba;Pueblo;2226.1;3716;-6.7075;-77.80388889
Amazonas;Chachapoyas;Levanto;010111;Levanto;Pueblo;2681.4;768;-6.30777778;-77.89916667
Amazonas;Chachapoyas;Magdalena;010112;Magdalena;Pueblo;1891.5;895;-6.37305556;-77.90166667
Amazonas;Chachapoyas;Mariscal Castilla;010113;Duraznopampa;Pueblo;2209.8;1653;-6.59444444;-77.80861111
Amazonas;Chachapoyas;Molinopampa;010114;Molinopampa;Pueblo;2405.4;2185;-6.20916667;-77.66916667
Amazonas;Chachapoyas;Montevideo;010115;Montevideo;Pueblo;2420.9;452;-6.61805556;-77.80222222
Amazonas;Chachapoyas;Olleros;010116;Olleros;Pueblo;3052.7;448;-6.02388889;-77.67638889
Amazonas;Chachapoyas;Quinjalca;010117;Quinjalca;Pueblo;3150.8;757;-6.09138889;-77.67861111
Amazonas;Chachapoyas;San Francisco de Daguas;010118;Daguas;Pueblo;2254.1;335;-6.22916667;-77.74
Amazonas;Chachapoyas;San Isidro de Maino;010119;Maino;Pueblo;2338.5;565;-6.33722222;-77.88055556
Amazonas;Chachapoyas;Soloco;010120;Soloco;Pueblo;2387.0;1214;-6.26055556;-77.74416667
Amazonas;Chachapoyas;Sonche;010121;San Juan de Sonche;Pueblo;2088.6;289;-6.21888889;-77.77527778
Amazonas;Bagua;Bagua;010201;Bagua;Ciudad;407.71;30921;-5.63888889;-78.53111111
Amazonas;Bagua;Aramango;010202;Aramango;Pueblo;501.7;9458;-5.41638889;-78.43777778
Amazonas;Bagua;Copallín;010203;Copallín;Pueblo;692.6;4093;-5.675;-78.42305556
Amazonas;Bagua;El Parco;010204;El Parco;Pueblo;625.7;1240;-5.625;-78.47527778
Amazonas;Bagua;Imaza;010205;Chiriaco;Pueblo;316.9;34658;-5.16361111;-78.28888889
Amazonas;Bagua;La Peca;010206;La Peca;Pueblo;891.6;6155;-5.61194444;-78.43694444
Amazonas;Bongará;Jumbilla;010301;Jumbilla;Villa;2081.0;1207;-5.90444444;-77.79777778
Amazonas;Bongará;Chisquilla;010302;Chisquilla;Pueblo;2057.3;304;-5.8975;-77.78611111
Amazonas;Bongará;Churuja;010303;Churuja;Pueblo;1399.0;289;-6.01944444;-77.95194444
Amazonas;Bongará;Corosha;010304;Corosha;Pueblo;2297.1;856;-5.84333333;-77.8225
Amazonas;Bongará;Cuispes;010305;Cuispes;Pueblo;1911.8;626;-5.92833333;-77.94611111
Amazonas;Bongará;Florida;010306;Florida (Pomacochas);Pueblo;2250.5;6245;-5.82611111;-77.96944444
Amazonas;Bongará;Jazán;010307;Pedro Ruiz Gallo;Pueblo;1341.7;7494;-5.94138889;-77.97722222
Amazonas;Bongará;Recta;010308;Recta;Pueblo;2166.2;205;-5.91777778;-77.78888889
Amazonas;Bongará;San Carlos;010309;San Carlos;Pueblo;1941.7;619;-5.96611111;-77.94527778
Amazonas;Bongará;Shipasbamba;010310;Shipasbamba;Pueblo;1668.4;1761;-5.91055556;-77.98055556
Amazonas;Bongará;Valera;010311;Valera (San Pablo);Pueblo;1928.2;687;-6.04277778;-77.91916667
Amazonas;Bongará;Yambrasbamba;010312;Yambrasbamba;Pueblo;1886.6;5445;-5.73527778;-77.925
Amazonas;Condorcanqui;Nieva;010401;Santa María de Nieva;Villa;188.8;19256;-4.59222222;-77.86444444
Amazonas;Condorcanqui;El Cenepa;010402;Huampami;Pueblo;252.6;13797;-4.45555556;-78.15888889
Amazonas;Condorcanqui;Río Santiago;010403;Puerto Galilea;Pueblo;190.1;19486;-4.01583333;-77.76083333
Amazonas;Luya;Lámud;010501;Lámud;Ciudad;2328.1;2283;-6.13916667;-77.95222222
Amazonas;Luya;Camporredondo;010502;Camporredondo;Pueblo;1747.6;7767;-6.21333333;-78.32
Amazonas;Luya;Cocabamba;010503;Cocabamba;Pueblo;2273.4;1878;-6.61416667;-78.005
Amazonas;Luya;Colcamar;010504;Colcamar;Pueblo;2355.2;1689;-6.29944444;-77.97305556
Amazonas;Luya;Conila;010505;Cohechan;Pueblo;2767.0;1791;-6.15916667;-78.14194444
Amazonas;Luya;Inguilpata;010506;Inguilpata;Pueblo;2380.3;402;-6.23944444;-77.95388889
Amazonas;Luya;Longuita;010507;Longuita;Pueblo;2799.0;818;-6.41361111;-77.96833333
Amazonas;Luya;Lonya Chico;010508;Lonya Chico;Pueblo;2328.8;753;-6.22972222;-77.955
Amazonas;Luya;Luya;010509;Luya;Ciudad;2358.6;3911;-6.16416667;-77.94416667
Amazonas;Luya;Luya Viejo;010510;Luya Viejo;Pueblo;2924.3;383;-6.1275;-78.085
Amazonas;Luya;María;010511;María;Pueblo;2756.9;711;-6.42888889;-77.96083333
Amazonas;Luya;Ocalli;010512;Ocalli;Pueblo;1757.0;3971;-6.23527778;-78.26638889
Amazonas;Luya;Ocumal;010513;Collonce;Pueblo;1898.0;3508;-6.2825;-78.21083333
Amazonas;Luya;Pisuquia;010514;Yomblon;Pueblo;2048.5;4707;-6.45333333;-78.09194444
Amazonas;Luya;Providencia;010515;Providencia;Pueblo;1784.0;1300;-6.29722222;-78.24083333
Amazonas;Luya;San Cristóbal;010516;Olto;Pueblo;2635.7;474;-6.10166667;-77.95972222
Amazonas;Luya;San Francisco del Yeso;010517;San Francisco del Yeso;Pueblo;2404.0;675;-6.64694444;-77.81166667
Amazonas;Luya;San Jerónimo;010518;Paclas;Pueblo;2498.1;500;-6.05972222;-77.97444444
Amazonas;Luya;San Juan de Lopecancha;010519;San Juan de Lopecancha;Pueblo;2163.6;377;-6.49638889;-77.86194444
Amazonas;Luya;Santa Catalina;010520;Santa Catalina;Pueblo;2573.5;2238;-6.11361111;-78.06083333
Amazonas;Luya;Santo Tomás;010521;Santo Tomás;Villa;2836.5;2722;-6.5725;-77.86583333
Amazonas;Luya;Tingo;010522;Tingo;Pueblo;1800.2;1392;-6.37972222;-77.90583333
Amazonas;Luya;Trita;010523;Trita;Pueblo;2887.7;1464;-6.15194444;-77.98083333
Amazonas;Rodríguez de Mendoza;San Nicolás;010601;Mendoza;Ciudad;1616.2;6690;-6.39527778;-77.48222222
Amazonas;Rodríguez de Mendoza;Chirimoto;010602;Chirimoto;Pueblo;1663.2;3017;-6.52305556;-77.4425
Amazonas;Rodríguez de Mendoza;Cochamal;010603;Cochamal;Pueblo;1719.6;648;-6.4075;-77.58527778
Amazonas;Rodríguez de Mendoza;Huambo;010604;Huambo;Ciudad;1731.4;2287;-6.43111111;-77.53666667
Amazonas;Rodríguez de Mendoza;Limabamba;010605;Limabamba;Pueblo;1677.0;2194;-6.49805556;-77.49888889
Amazonas;Rodríguez de Mendoza;Longar;010606;Longar;Pueblo;1623.1;1540;-6.38583333;-77.54666667
Amazonas;Rodríguez de Mendoza;Mariscal Benavides;010607;Mariscal Benavides;Pueblo;1592.1;1456;-6.38611111;-77.50444444
Amazonas;Rodríguez de Mendoza;Milpuc;010608;Milpuc;Pueblo;1664.5;387;-6.5;-77.43638889
Amazonas;Rodríguez de Mendoza;Omia;010609;Omia;Pueblo;1367.9;10385;-6.46777778;-77.39555556
Amazonas;Rodríguez de Mendoza;Santa Rosa;010610;Santa Rosa de Huayabamba;Villa;1769.7;523;-6.45361111;-77.45527778
Amazonas;Rodríguez de Mendoza;Totora;010611;Totora;Pueblo;1673.7;283;-6.49305556;-77.47166667
Amazonas;Rodríguez de Mendoza;Vista Alegre;010612;Vista Alegre;Pueblo;1504.0;5180;-6.15083333;-77.30388889
Amazonas;Utcubamba;Bagua Grande;010701;Bagua Grande;Ciudad;444.09;60434;-5.75472222;-78.44277778
Amazonas;Utcubamba;Cajaruro;010702;Cajaruro;Pueblo;469.4;22864;-5.73638889;-78.42666667
Amazonas;Utcubamba;Cumba;010703;Cumba;Pueblo;477.0;8361;-5.93555556;-78.66361111
Amazonas;Utcubamba;El Milagro;010704;El Milagro;Pueblo;391.7;6586;-5.63777778;-78.55833333
Amazonas;Utcubamba;Jamalca;010705;Jamalca;Pueblo;1184.3;6855;-5.89416667;-78.23777778
Amazonas;Utcubamba;Lonya Grande;010706;Lonya Grande;Pueblo;1269.4;11763;-6.09638889;-78.4225
Amazonas;Utcubamba;Yamón;010707;Yamón;Pueblo;1051.8;3258;-6.05083333;-78.52888889
Áncash;Huaraz;Huaraz;020101;Huaraz;Ciudad;3073.1;71323;-9.52972222;-77.52916667
Áncash;Huaraz;Cochabamba;020102;Cochabamba;Pueblo;2134.9;1638;-9.495;-77.85944444
Áncash;Huaraz;Colcabamba;020103;Colcabamba;Pueblo;3153.9;234;-9.59472222;-77.80861111
Áncash;Huaraz;Huanchay;020104;Huanchay;Villa;2592.0;1566;-9.72361111;-77.81861111
Áncash;Huaraz;Independencia;020105;Centenario;Ciudad;3046.5;95535;-9.51444444;-77.5325
Áncash;Huaraz;Jangas;020106;Jangas;Pueblo;2823.7;5366;-9.40055556;-77.5775
Áncash;Huaraz;La Libertad;020107;Cajamarquilla;Villa;3342.7;1079;-9.63305556;-77.74138889
Áncash;Huaraz;Olleros;020108;Olleros;Villa;3442.5;2481;-9.66666667;-77.46555556
Áncash;Huaraz;Pampas Grande;020109;Pampas Grande;Pueblo;3698.2;948;-9.65527778;-77.82611111
Áncash;Huaraz;Pariacoto;020110;Pariacoto;Pueblo;1264.1;5418;-9.55944444;-77.89055556
Áncash;Huaraz;Pira;020111;Pira;Pueblo;3602.4;3414;-9.58111111;-77.70722222
Áncash;Huaraz;Tarica;020112;Tarica;Pueblo;2831.6;8277;-9.39361111;-77.575
Áncash;Aija;Aija;020201;Aija;Ciudad;3420.6;2158;-9.78027778;-77.61055556
Áncash;Aija;Coris;020202;Coris;Pueblo;2902.7;1369;-9.82055556;-77.71944444
Áncash;Aija;Huacllán;020203;Huacllán;Pueblo;3020.3;281;-9.79805556;-77.67527778
Áncash;Aija;La Merced;020204;La Merced;Pueblo;3310.7;1266;-9.73555556;-77.61611111
Áncash;Aija;Succha;020205;Succha;Villa;3167.0;660;-9.82305556;-77.64972222
Áncash;Antonio Raymondi;Llamellín;020301;Llamellín;Ciudad;3399.6;3159;-9.10083333;-77.01694444
Áncash;Antonio Raymondi;Aczo;020302;Aczo;Pueblo;2680.4;1696;-9.15194444;-76.98888889
Áncash;Antonio Raymondi;Chaccho;020303;Chaccho;Pueblo;3371.3;1197;-9.05972222;-77.05833333
Áncash;Antonio Raymondi;Chingas;020304;Chingas;Pueblo;2866.0;1666;-9.11861111;-76.99194444
Áncash;Antonio Raymondi;Mirgas;020305;Mirgas;Pueblo;3147.1;3754;-9.07861111;-77.0925
Áncash;Antonio Raymondi;San Juan de Rontoy;020306;San Juan de Rontoy;Pueblo;3502.8;1032;-9.17527778;-77.00277778
Áncash;Asunción;Chacas;020401;Chacas;Pueblo;3386.7;4447;-9.16222222;-77.36583333
Áncash;Asunción;Acochaca;020402;Acochaca;Pueblo;2864.4;2578;-9.11472222;-77.36833333
Áncash;Bolognesi;Chiquián;020501;Chiquián;Ciudad;3410.4;3777;-10.15194444;-77.15638889
Áncash;Bolognesi;Abelardo Pardo Lezameta;020502;Llaclla;Pueblo;2107.6;183;-10.29916667;-77.14638889
Áncash;Bolognesi;Antonio Raymondi;020503;Raquia;Pueblo;2138.9;865;-10.15722222;-77.47055556
Áncash;Bolognesi;Aquia;020504;Aquia;Villa;3355.9;1714;-10.07444444;-77.145
Áncash;Bolognesi;Cajacay;020505;Cajacay;Villa;2615.9;1914;-10.15527778;-77.43972222
Áncash;Bolognesi;Canis;020506;Canis;Pueblo;2465.3;209;-10.33888889;-77.16888889
Áncash;Bolognesi;Colquioc;020507;Chasquitambo;Pueblo;772.2;1953;-10.31222222;-77.61527778
Áncash;Bolognesi;Huallanca;020508;Huallanca;Ciudad;3563.1;5931;-9.89944444;-76.94166667
Áncash;Bolognesi;Huasta;020509;Huasta;Villa;3381.9;1052;-10.12333333;-77.14666667
Áncash;Bolognesi;Huayllacayán;020510;Huayllacayán;Villa;3287.4;1169;-10.245;-77.43472222
Áncash;Bolognesi;La Primavera;020511;Gorgorillo;Pueblo;2658.1;342;-10.33555556;-77.12527778
Áncash;Bolognesi;Mangas;020512;Mangas;Pueblo;3491.8;440;-10.36944444;-77.10333333
Áncash;Bolognesi;Pacllón;020513;Pacllón;Pueblo;3295.9;691;-10.23444444;-77.07166667
Áncash;Bolognesi;San Miguel de Corpanqui;020514;Corpanqui;Pueblo;3404.9;375;-10.285;-77.19888889
Áncash;Bolognesi;Ticllos;020515;Ticllos;Pueblo;3665.2;511;-10.25305556;-77.19083333
Áncash;Carhuaz;Carhuaz;020601;Carhuaz;Ciudad;2663.3;17155;-9.28138889;-77.64666667
Áncash;Carhuaz;Acopampa;020602;Acopampa;Pueblo;2692.0;2829;-9.29472222;-77.62527778
Áncash;Carhuaz;Amashca;020603;Amashca;Pueblo;2904.9;1434;-9.23916667;-77.64666667
Áncash;Carhuaz;Anta;020604;Anta;Pueblo;2800.4;2619;-9.35777778;-77.59888889
Áncash;Carhuaz;Ataquero;020605;Carhuac;Pueblo;2748.6;1640;-9.26222222;-77.69166667
Áncash;Carhuaz;Marcará;020606;Marcará;Pueblo;2767.1;11321;-9.32277778;-77.60361111
Áncash;Carhuaz;Pariahuanca;020607;Pariahuanca;Pueblo;2830.1;1440;-9.36527778;-77.58083333
Áncash;Carhuaz;San Miguel de Aco;020608;Aco;Pueblo;2955.5;2480;-9.36833333;-77.56444444
Áncash;Carhuaz;Shilla;020609;Shilla;Pueblo;3036.0;2843;-9.23166667;-77.625
Áncash;Carhuaz;Tinco;020610;Tinco;Pueblo;2606.1;4146;-9.27083333;-77.6775
Áncash;Carhuaz;Yungar;020611;Yungar;Pueblo;2836.1;3306;-9.3775;-77.59222222
Áncash;Carlos Fermín Fitzcarrald;San Luis;020701;San Luis;Villa;3145.4;10347;-9.09416667;-77.32888889
Áncash;Carlos Fermín Fitzcarrald;San Nicolás;020702;San Nicolás;Pueblo;2889.9;2868;-8.97583333;-77.18916667
Áncash;Carlos Fermín Fitzcarrald;Yauya;020703;Yauya;Pueblo;3257.1;3645;-8.99111111;-77.29138889
Áncash;Casma;Casma;020801;Casma;Ciudad;58.803;44792;-9.47583333;-78.30638889
Áncash;Casma;Buena Vista Alta;020802;Buena Vista Alta;Pueblo;224.7;5963;-9.4325;-78.20694444
Áncash;Casma;Comandante Noél;020803;Puerto Casma;Pueblo;14.0;2405;-9.4625;-78.38472222
Áncash;Casma;Yaután;020804;Yaután;Pueblo;830.7;9693;-9.51138889;-77.99638889
Áncash;Corongo;Corongo;020901;Corongo;Ciudad;3172.4;1798;-8.57083333;-77.89888889
Áncash;Corongo;Aco;020902;Aco;Pueblo;3117.6;307;-8.52305556;-77.87777778
Áncash;Corongo;Bambas;020903;Bambas;Pueblo;2943.4;426;-8.6025;-77.99694444
Áncash;Corongo;Cusca;020904;Cusca;Pueblo;3196.0;2911;-8.51333333;-77.86472222
Áncash;Corongo;La Pampa;020905;La Pampa;Villa;1802.5;972;-8.66111111;-77.90083333
Áncash;Corongo;Yánac;020906;Yánac;Pueblo;2877.0;587;-8.61861111;-77.86472222
Áncash;Corongo;Yupán;020907;Yupán;Pueblo;2781.0;665;-8.61444444;-77.96861111
Áncash;Huari;Huari;021001;Huari;Villa;3114.0;9756;-9.34722222;-77.17083333
Áncash;Huari;Anra;021002;Anra;Pueblo;3197.3;1283;-9.23472222;-76.92638889
Áncash;Huari;Cajay;021003;Cajay;Pueblo;3174.9;2576;-9.32583333;-77.1575
Áncash;Huari;Chavín de Huántar;021004;Chavín de Huántar;Villa;3114.8;8415;-9.58861111;-77.17833333
Áncash;Huari;Huacachi;021005;Huacachi;Pueblo;3498.0;1818;-9.31555556;-76.93861111
Áncash;Huari;Huacchis;021006;Huacchis;Pueblo;3491.4;1216;-9.20055556;-76.78694444
Áncash;Huari;Huachis;021007;Huachis;Villa;3275.3;3649;-9.41;-77.1
Áncash;Huari;Huántar;021008;Huántar;Pueblo;3363.4;2705;-9.45194444;-77.17666667
Áncash;Huari;Masín;021009;Masín;Pueblo;2547.4;1193;-9.36583333;-77.09638889
Áncash;Huari;Paucas;021010;Paucas;Pueblo;3433.2;1408;-9.1525;-76.89944444
Áncash;Huari;Ponto;021011;Ponto;Pueblo;3141.5;2499;-9.32611111;-77.00444444
Áncash;Huari;Rahuapampa;021012;Rahuapampa;Villa;2520.7;776;-9.35916667;-77.07861111
Áncash;Huari;Rapayan;021013;Rapayan;Pueblo;3232.8;1372;-9.2025;-76.75944444
Áncash;Huari;San Marcos;021014;San Marcos;Pueblo;2988.1;20749;-9.52416667;-77.15694444
Áncash;Huari;San Pedro de Chana;021015;Chana;Pueblo;3438.8;2745;-9.40305556;-77.01111111
Áncash;Huari;Uco;021016;Uco;Villa;3347.1;1176;-9.18833333;-76.92833333
Áncash;Huarmey;Huarmey;021101;Huarmey;Ciudad;30.0;28519;-10.06888889;-78.15166667
Áncash;Huarmey;Cochapeti;021102;Cochapeti;Pueblo;3528.8;761;-9.98722222;-77.64611111
Áncash;Huarmey;Culebras;021103;La Caleta Culebras;Pueblo;41.0;3445;-9.95027778;-78.22222222
Áncash;Huarmey;Huayán;021104;Huayán;Pueblo;2702.0;935;-9.87527778;-77.70833333
Áncash;Huarmey;Malvas;021105;Malvas;Pueblo;3132.2;720;-9.92972222;-77.65777778
Áncash;Huaylas;Caraz;021201;Caraz;Ciudad;2272.9;27501;-9.04861111;-77.80472222
Áncash;Huaylas;Huallanca;021202;Huallanca;Pueblo;1390.5;1157;-8.81888889;-77.86305556
Áncash;Huaylas;Huata;021203;Huata;Pueblo;2711.6;1360;-9.01638889;-77.86138889
Áncash;Huaylas;Huaylas;021204;Huaylas;Pueblo;2735.1;1663;-8.8725;-77.89277778
Áncash;Huaylas;Mato;021205;Sucre;Villa;2209.4;1853;-8.96138889;-77.8425
Áncash;Huaylas;Pamparomás;021206;Pamparomás;Pueblo;2772.0;8556;-9.07333333;-77.98166667
Áncash;Huaylas;Pueblo Libre;021207;Pueblo Libre;Villa;2484.9;7007;-9.11;-77.80194444
Áncash;Huaylas;Santa Cruz;021208;Huaripampa;Pueblo;2890.3;4539;-8.95194444;-77.815
Áncash;Huaylas;Santo Toribio;021209;Santo Toribio;Pueblo;2926.1;1046;-8.86444444;-77.91472222
Áncash;Huaylas;Yuracmarca;021210;Yuracmarca;Pueblo;1483.9;2292;-8.7375;-77.90388889
Áncash;Mariscal Luzuriaga;Piscobamba;021301;Piscobamba;Ciudad;3325.8;2946;-8.865;-77.35777778
Áncash;Mariscal Luzuriaga;Casca;021302;Casca;Pueblo;3176.4;3713;-8.85555556;-77.39861111
Áncash;Mariscal Luzuriaga;Eleazar Guzmán Barrón;021303;Pampachacra;Pueblo;2844.9;1334;-8.90222222;-77.24388889
Áncash;Mariscal Luzuriaga;Fidel Olivas Escudero;021304;Sanachgan;Pueblo;2849.3;1704;-8.80611111;-77.27972222
Áncash;Mariscal Luzuriaga;Llama;021305;Llama;Pueblo;2839.0;902;-8.915;-77.30138889
Áncash;Mariscal Luzuriaga;Llumpa;021306;Llumpa;Pueblo;2899.8;6439;-8.96083333;-77.3675
Áncash;Mariscal Luzuriaga;Lucma;021307;Lucma;Pueblo;3095.7;2642;-8.91944444;-77.41083333
Áncash;Mariscal Luzuriaga;Musga;021308;Musga;Pueblo;3000.8;919;-8.90611111;-77.33916667
Áncash;Ocros;Ocros;021401;Ocros;Ciudad;3237.6;1149;-10.40333333;-77.39666667
Áncash;Ocros;Acas;021402;Acas;Pueblo;3711.6;498;-10.4575;-77.32777778
Áncash;Ocros;Cajamarquilla;021403;Cajamarquilla;Pueblo;3544.6;241;-10.35416667;-77.19916667
Áncash;Ocros;Carhuapampa;021404;Aco;Pueblo;2249.7;335;-10.4975;-77.24277778
Áncash;Ocros;Cochas;021405;Huanchay;Pueblo;1289.6;1594;-10.53666667;-77.42277778
Áncash;Ocros;Congas;021406;Congas;Pueblo;3112.0;1206;-10.3375;-77.44277778
Áncash;Ocros;Llipa;021407;Llipa;Pueblo;2766.5;209;-10.3925;-77.19083333
Áncash;Ocros;San Cristóbal de Raján;021408;Rajan;Pueblo;3633.5;305;-10.38694444;-77.21944444
Áncash;Ocros;San Pedro;021409;Copa;Villa;2243.1;369;-10.37194444;-77.48722222
Áncash;Ocros;Santiago de Chilcas;021410;Santiago de Chilcas;Pueblo;3692.3;467;-10.43861111;-77.36583333
Áncash;Pallasca;Cabana;021501;Cabana;Ciudad;3156.0;2401;-8.39305556;-78.00888889
Áncash;Pallasca;Bolognesi;021502;Bolognesi;Pueblo;2931.0;867;-8.35055556;-78.05055556
Áncash;Pallasca;Conchucos;021503;Conchucos;Villa;3206.3;7437;-8.26861111;-77.85277778
Áncash;Pallasca;Huacaschuque;021504;Huacaschuque;Pueblo;3140.3;465;-8.30638889;-78.00472222
Áncash;Pallasca;Huandoval;021505;Huandoval;Pueblo;3062.5;1015;-8.33111111;-77.97527778
Áncash;Pallasca;Lacabamba;021506;Lacabamba;Pueblo;3426.8;451;-8.26027778;-77.89833333
Áncash;Pallasca;Llapo;021507;Llapo;Pueblo;3415.5;577;-8.51444444;-78.04222222
Áncash;Pallasca;Pallasca;021508;Pallasca;Ciudad;3086.0;2374;-8.25305556;-77.99944444
Áncash;Pallasca;Pampas;021509;Pampas;Villa;3215.8;2721;-8.19527778;-77.89583333
Áncash;Pallasca;Santa Rosa;021510;Santa Rosa;Pueblo;2412.7;1098;-8.52777778;-78.0675
Áncash;Pallasca;Tauca;021511;Tauca;Ciudad;3367.7;2535;-8.47027778;-78.03777778
Áncash;Pomabamba;Pomabamba;021601;Pomabamba;Ciudad;2964.4;14554;-8.82111111;-77.46027778
Áncash;Pomabamba;Huayllán;021602;Huayllán;Pueblo;2993.0;2732;-8.85805556;-77.43555556
Áncash;Pomabamba;Parobamba;021603;Parobamba;Pueblo;3182.2;5960;-8.69583333;-77.42972222
Áncash;Pomabamba;Quinuabamba;021604;Quinuabamba;Pueblo;3129.2;2177;-8.69722222;-77.39833333
Áncash;Recuay;Recuay;021701;Recuay;Ciudad;3428.2;4093;-9.72166667;-77.45638889
Áncash;Recuay;Cátac;021702;Cátac;Villa;3578.9;3832;-9.80166667;-77.43055556
Áncash;Recuay;Cotaparaco;021703;Cotaparaco;Pueblo;3031.9;312;-9.99333333;-77.58805556
Áncash;Recuay;Huayllapampa;021704;Huayllapampa;Pueblo;2907.9;412;-10.05555556;-77.53666667
Áncash;Recuay;Llacllin;021705;Llacllin;Pueblo;3020.3;661;-10.06916667;-77.62166667
Áncash;Recuay;Marca;021706;Marca;Ciudad;2614.5;2271;-10.08916667;-77.47444444
Áncash;Recuay;Pampas Chico;021707;Pampas Chico;Pueblo;3552.4;624;-10.11472222;-77.39805556
Áncash;Recuay;Pararín;021708;Pararín;Pueblo;3401.5;1820;-10.05;-77.65444444
Áncash;Recuay;Tapacocha;021709;Tapacocha;Pueblo;3596.3;376;-10.01027778;-77.56916667
Áncash;Recuay;Ticapampa;021710;Ticapampa;Villa;3485.3;2781;-9.76055556;-77.44277778
Áncash;Santa;Chimbote;021801;Chimbote;Ciudad;52.09;214571;-9.04166667;-78.60777778
Áncash;Santa;Cáceres del Perú;021802;Jimbe;Pueblo;1209.9;4573;-9.01305556;-78.13805556
Áncash;Santa;Coishco;021803;Coishco;Ciudad;31.4;17777;-9.02305556;-78.61611111
Áncash;Santa;Macate;021804;Macate;Villa;2731.2;2964;-8.76027778;-78.06138889
Áncash;Santa;Moro;021805;Moro;Pueblo;504.1;8860;-9.13888889;-78.18333333
Áncash;Santa;Nepeña;021806;Nepeña;Villa;159.2;14871;-9.17277778;-78.36083333
Áncash;Santa;Samanco;021807;Samanco;Pueblo;16.8;5498;-9.26222222;-78.49583333
Áncash;Santa;Santa;021808;Santa;Villa;35.23;24031;-8.98777778;-78.61305556
Áncash;Santa;Nuevo Chimbote;021809;Buenos Aires;Ciudad;39.904;201129;-9.12861111;-78.53083333
Áncash;Sihuas;Sihuas;021901;Sihuas;Ciudad;2766.8;5748;-8.55444444;-77.63083333
Áncash;Sihuas;Acobamba;021902;Acobamba;Pueblo;3147.1;1445;-8.32611111;-77.58194444
Áncash;Sihuas;Alfonso Ugarte;021903;Ullulluco;Pueblo;3197.0;395;-8.45611111;-77.42666667
Áncash;Sihuas;Cashapampa;021904;Cashapampa;Pueblo;3429.9;2748;-8.56111111;-77.65305556
Áncash;Sihuas;Chingalpo;021905;Chingalpo;Pueblo;3157.0;793;-8.33861111;-77.5975
Áncash;Sihuas;Huayllabamba;021906;Huayllabamba;Pueblo;3328.9;3326;-8.53472222;-77.56694444
Áncash;Sihuas;Quiches;021907;Quiches;Pueblo;3035.2;2147;-8.395;-77.49111111
Áncash;Sihuas;Ragash;021908;Ragash;Pueblo;3436.9;2155;-8.53166667;-77.66583333
Áncash;Sihuas;San Juan;021909;Chullin;Pueblo;2739.0;6984;-8.64638889;-77.58194444
Áncash;Sihuas;Sicsibamba;021910;Umbe;Ciudad;3147.8;1295;-8.62333333;-77.53555556
Áncash;Yungay;Yungay;022001;Yungay;Ciudad;2516.5;23108;-9.14;-77.74472222
Áncash;Yungay;Cascapara;022002;Cascapara;Pueblo;2742.2;1553;-9.22638889;-77.71722222
Áncash;Yungay;Mancos;022003;Mancos;Pueblo;2542.0;6699;-9.19;-77.71222222
Áncash;Yungay;Matacoto;022004;Matacoto;Pueblo;2485.6;1559;-9.17694444;-77.74722222
Áncash;Yungay;Quillo;022005;Quillo;Pueblo;1267.3;13439;-9.32861111;-78.04166667
Áncash;Yungay;Ranrahirca;022006;Ranrahirca;Pueblo;2496.2;2993;-9.17305556;-77.7225
Áncash;Yungay;Shupluy;022007;Shupluy;Pueblo;2516.5;1750;-9.21694444;-77.69388889
Áncash;Yungay;Yanama;022008;Yanama;Pueblo;3389.4;4760;-9.02055556;-77.47083333
Apurímac;Abancay;Abancay;030101;Abancay;Ciudad;2499.6;80789;-13.62888889;-72.88611111
Apurímac;Abancay;Chacoche;030102;Chacoche;Pueblo;3481.8;1463;-13.94111111;-72.99111111
Apurímac;Abancay;Circa;030103;Circa;Pueblo;3205.7;1714;-13.87833333;-72.87583333
Apurímac;Abancay;Curahuasi;030104;Curahuasi;Pueblo;2693.5;17018;-13.54138889;-72.69611111
Apurímac;Abancay;Huanipaca;030105;Huanipaca;Pueblo;3155.3;2205;-13.49222222;-72.93333333
Apurímac;Abancay;Lambrama;030106;Lambrama;Pueblo;3126.2;2161;-13.87083333;-72.76972222
Apurímac;Abancay;Pichirhua;030107;Pichirhua;Pueblo;2766.3;2158;-13.86083333;-73.07333333
Apurímac;Abancay;San Pedro de Cachora;030108;Cachora;Pueblo;2916.2;2078;-13.51416667;-72.81416667
Apurímac;Abancay;Tamburco;030109;Tamburco;Pueblo;2619.5;12624;-13.62222222;-72.87333333
Apurímac;Andahuaylas;Andahuaylas;030201;Andahuaylas;Ciudad;2836.4;50078;-13.65611111;-73.38972222
Apurímac;Andahuaylas;Andarapa;030202;Andarapa;Pueblo;3002.1;5164;-13.52805556;-73.36583333
Apurímac;Andahuaylas;Chiara;030203;Chiara;Villa;3289.2;1144;-13.86722222;-73.66888889
Apurímac;Andahuaylas;Huancarama;030204;Huancarama;Villa;2975.9;4309;-13.64472222;-73.08555556
Apurímac;Andahuaylas;Huancaray;030205;Huancaray;Villa;2908.7;3591;-13.75722222;-73.5275
Apurímac;Andahuaylas;Huayana;030206;Huayana;Pueblo;3195.9;666;-14.05083333;-73.60944444
Apurímac;Andahuaylas;Kishuara;030207;Kishuara;Pueblo;3716.7;5290;-13.69111111;-73.11861111
Apurímac;Andahuaylas;Pacobamba;030208;Pacobamba;Pueblo;2712.4;2769;-13.61527778;-73.08388889
Apurímac;Andahuaylas;Pacucha;030209;Pacucha;Pueblo;3162.3;7706;-13.60944444;-73.34416667
Apurímac;Andahuaylas;Pampachiri;030210;Pampachiri;Villa;3388.0;2190;-14.18694444;-73.54472222
Apurímac;Andahuaylas;Pomacocha;030211;Pomacocha;Pueblo;3673.1;847;-14.08388889;-73.59083333
Apurímac;Andahuaylas;San Antonio de Cachi;030212;San Antonio de Cachi;Pueblo;3258.0;2887;-13.77305556;-73.60333333
Apurímac;Andahuaylas;San Jerónimo;030213;San Jerónimo;Villa;2973.3;22690;-13.65166667;-73.36583333
Apurímac;Andahuaylas;San Miguel de Chaccrampa;030214;Chaccrampa;Pueblo;3680.8;1554;-13.96111111;-73.60777778
Apurímac;Andahuaylas;Santa María de Chicmo;030215;Santa María de Chicmo;Pueblo;3287.0;8128;-13.6575;-73.49388889
Apurímac;Andahuaylas;Talavera;030216;Talavera;Villa;2841.6;21054;-13.65416667;-73.42888889
Apurímac;Andahuaylas;Tumay Huaraca;030217;Umamarca;Pueblo;3408.8;1796;-14.05277778;-73.56583333
Apurímac;Andahuaylas;Turpo;030218;Turpo;Pueblo;3327.0;3559;-13.78555556;-73.47416667
Apurímac;Andahuaylas;Kaquiabamba;030219;Kaquiabamba;Pueblo;3086.7;1493;-13.5325;-73.28833333
Apurímac;Andahuaylas;José María Arguedas;030220;Huancabamba;Pueblo;3589.6;5478;-13.73416667;-73.35055556
Apurímac;Antabamba;Antabamba;030301;Antabamba;Ciudad;3664.4;2537;-14.36527778;-72.87722222
Apurímac;Antabamba;El Oro;030302;Ayahuay;Pueblo;3303.7;618;-14.20888889;-73.05833333
Apurímac;Antabamba;Huaquirca;030303;Huaquirca;Pueblo;3500.0;2138;-14.33944444;-72.895
Apurímac;Antabamba;Juan Espinoza Medrano;030304;Mollebamba;Pueblo;3315.8;1526;-14.42833333;-72.915
Apurímac;Antabamba;Oropesa;030305;Oropesa;Pueblo;3327.1;2074;-14.26055556;-72.56361111
Apurímac;Antabamba;Pachaconas;030306;Pachaconas;Pueblo;3465.4;963;-14.22333333;-73.01638889
Apurímac;Antabamba;Sabaino;030307;Sabaino;Pueblo;3441.1;898;-14.31333333;-72.94527778
Apurímac;Aymaraes;Chalhuanca;030401;Chalhuanca;Ciudad;2928.9;5217;-14.29444444;-73.24472222
Apurímac;Aymaraes;Capaya;030402;Capaya;Pueblo;3311.3;486;-14.11777778;-73.32111111
Apurímac;Aymaraes;Caraybamba;030403;Caraybamba;Pueblo;3324.0;727;-14.37805556;-73.16083333
Apurímac;Aymaraes;Chapimarca;030404;Chapimarca;Pueblo;3423.4;1643;-13.975;-73.065
Apurímac;Aymaraes;Colcabamba;030405;Colcabamba;Pueblo;3174.2;581;-14.00638889;-73.25416667
Apurímac;Aymaraes;Cotaruse;030406;Cotaruse;Pueblo;3267.8;1936;-14.41583333;-73.205
Apurímac;Aymaraes;Ihuayllo;030407;Ihuayllo;Pueblo;3172.2;385;-14.13305556;-73.26777778
Apurímac;Aymaraes;Justo Apu Sahuaraura;030408;Pichihua;Pueblo;3133.0;607;-14.14805556;-73.17388889
Apurímac;Aymaraes;Lucre;030409;Lucre;Pueblo;2822.2;1105;-13.94972222;-73.22611111
Apurímac;Aymaraes;Pocohuanca;030410;Pocohuanca;Pueblo;3373.9;930;-14.21833333;-73.08694444
Apurímac;Aymaraes;San Juan de Chacña;030411;San Juan de Chacña;Pueblo;2874.1;638;-13.92416667;-73.18222222
Apurímac;Aymaraes;Sañayca;030412;Sañayca;Pueblo;3372.8;963;-14.20444444;-73.34694444
Apurímac;Aymaraes;Soraya;030413;Soraya;Pueblo;2883.8;600;-14.16472222;-73.315
Apurímac;Aymaraes;Tapairihua;030414;Tapairihua;Pueblo;2839.0;1693;-14.14138889;-73.14027778
Apurímac;Aymaraes;Tintay;030415;Tintay;Pueblo;2823.7;1762;-13.95944444;-73.18527778
Apurímac;Aymaraes;Toraya;030416;Toraya;Villa;3167.0;967;-14.05305556;-73.29388889
Apurímac;Aymaraes;Yanaca;030417;Yanaca;Pueblo;3339.1;833;-14.22527778;-73.16
Apurímac;Cotabambas;Tambobamba;030501;Tambobamba;Ciudad;3266.7;10385;-13.94611111;-72.17472222
Apurímac;Cotabambas;Cotabambas;030502;Cotabambas;Pueblo;3557.0;3922;-13.74555556;-72.355
Apurímac;Cotabambas;Coyllurqui;030503;Coyllurqui;Pueblo;3184.2;6427;-13.83694444;-72.43222222
Apurímac;Cotabambas;Haquira;030504;Haquira;Pueblo;3698.3;9320;-14.21416667;-72.18888889
Apurímac;Cotabambas;Mara;030505;Mara;Pueblo;3791.7;5967;-14.08666667;-72.10194444
Apurímac;Cotabambas;Challhuahuacho;030506;Challhuahuacho;Pueblo;3724.0;19692;-14.11861111;-72.24666667
Apurímac;Chincheros;Chincheros;030601;Chincheros;Villa;2799.3;5342;-13.51833333;-73.72277778
Apurímac;Chincheros;Anco-Huallo;030602;Uripa;Villa;3238.5;9886;-13.52972222;-73.67416667
Apurímac;Chincheros;Cocharcas;030603;Cocharcas;Villa;3050.9;1670;-13.61055556;-73.74138889
Apurímac;Chincheros;Huaccana;030604;Huaccana;Pueblo;3092.9;5073;-13.38805556;-73.68916667
Apurímac;Chincheros;Ocobamba;030605;Ocobamba;Villa;3039.0;6597;-13.4825;-73.56027778
Apurímac;Chincheros;Ongoy;030606;Ongoy;Villa;2799.4;2185;-13.40277778;-73.66833333
Apurímac;Chincheros;Uranmarca;030607;Uranmarca;Pueblo;3114.5;2642;-13.67222222;-73.66944444
Apurímac;Chincheros;Ranracancha;030608;Ranracancha;Pueblo;3425.7;3907;-13.5325;-73.60555556
Apurímac;Chincheros;Rocchacc;030609;Rocchacc;Pueblo;3041.7;2682;-13.44055556;-73.6
Apurímac;Chincheros;El Porvenir;030610;San Pedro de Huamburque;Pueblo;3044.5;1698;-13.39666667;-73.59333333
Apurímac;Chincheros;Los Chankas;030611;Rio Blanco;Pueblo;2058.4;1029;-13.435;-73.82194444
Apurímac;Chincheros;Ahuayro;030612;Ahuayro;Pueblo;2049.0;1026;-13.49527778;-73.80861111
Apurímac;Grau;Chuquibambilla;030701;Chuquibambilla;Ciudad;3359.8;4626;-14.105;-72.70777778
Apurímac;Grau;Curpahuasi;030702;Curpahuasi;Pueblo;3490.4;1671;-14.06333333;-72.67083333
Apurímac;Grau;Gamarra;030703;Palpacachi;Pueblo;3489.3;2126;-13.87166667;-72.50833333
Apurímac;Grau;Huayllati;030704;Huayllati;Pueblo;3469.2;1083;-13.92805556;-72.48444444
Apurímac;Grau;Mamara;030705;Mamara;Ciudad;3618.5;800;-14.22861111;-72.59083333
Apurímac;Grau;Micaela Bastidas;030706;Ayrihuanca;Pueblo;3528.3;724;-14.11527778;-72.61416667
Apurímac;Grau;Pataypampa;030707;Pataypampa;Pueblo;3800.3;654;-14.1775;-72.6725
Apurímac;Grau;Progreso;030708;Progreso;Pueblo;3816.9;3250;-14.07222222;-72.47666667
Apurímac;Grau;San Antonio;030709;San Antonio;Villa;3483.1;222;-14.16944444;-72.62333333
Apurímac;Grau;Santa Rosa;030710;Santa Rosa;Pueblo;3538.7;466;-14.13972222;-72.65666667
Apurímac;Grau;Turpay;030711;Turpay;Villa;3447.9;546;-14.22777778;-72.6225
Apurímac;Grau;Vilcabamba;030712;Vilcabamba;Pueblo;2801.4;1311;-14.07777778;-72.62472222
Apurímac;Grau;Virundo;030713;San Juan de Virundo;Pueblo;3875.7;493;-14.25027778;-72.68111111
Apurímac;Grau;Curasco;030714;Curasco;Pueblo;3566.2;1054;-14.06194444;-72.56777778
Arequipa;Arequipa;Arequipa;040101;Arequipa;Ciudad;2428.6;54262;-16.39333333;-71.52888889
Arequipa;Arequipa;Alto Selva Alegre;040102;Selva Alegre;Ciudad;2510.0;96351;-16.38;-71.52111111
Arequipa;Arequipa;Cayma;040103;Cayma;Villa;2531.3;115881;-16.3625;-71.54416667
Arequipa;Arequipa;Cerro Colorado;040104;La Libertad;Pueblo;2441.4;259214;-16.37638889;-71.56083333
Arequipa;Arequipa;Characato;040105;Characato;Villa;2506.0;19872;-16.46861111;-71.48444444
Arequipa;Arequipa;Chiguata;040106;Chiguata;Pueblo;3006.4;3382;-16.40361111;-71.39166667
Arequipa;Arequipa;Jacobo Hunter;040107;Jacobo Hunter;Ciudad;2308.6;55832;-16.44138889;-71.55861111
Arequipa;Arequipa;La Joya;040108;La Joya;Pueblo;1640.3;45683;-16.42305556;-71.81833333
Arequipa;Arequipa;Mariano Melgar;040109;Mariano Melgar;Pueblo;2458.7;70154;-16.40722222;-71.50555556
Arequipa;Arequipa;Miraflores;040110;Miraflores;Pueblo;2450.2;69725;-16.39472222;-71.5225
Arequipa;Arequipa;Mollebaya;040111;Mollebaya;Pueblo;2514.8;8826;-16.48722222;-71.46694444
Arequipa;Arequipa;Paucarpata;040112;Paucarpata;Pueblo;2452.99;139513;-16.43277778;-71.50472222
Arequipa;Arequipa;Pocsi;040113;Pocsi;Villa;3045.0;422;-16.51777778;-71.38972222
Arequipa;Arequipa;Polobaya;040114;Polobaya Grande;Pueblo;3115.9;672;-16.56583333;-71.36833333
Arequipa;Arequipa;Quequeña;040115;Quequeña;Villa;2561.3;8711;-16.55722222;-71.45138889
Arequipa;Arequipa;Sabandia;040116;Sabandia;Pueblo;2440.8;5020;-16.45694444;-71.49472222
Arequipa;Arequipa;Sachaca;040117;Sachaca;Villa;2299.6;32152;-16.42444444;-71.56638889
Arequipa;Arequipa;San Juan de Siguas;040118;San Juan de Siguas;Pueblo;1281.2;479;-16.34611111;-72.12833333
Arequipa;Arequipa;San Juan de Tarucani;040119;Tarucani;Pueblo;4216.8;1134;-16.18361111;-71.06194444
Arequipa;Arequipa;Santa Isabel de Siguas;040120;Santa Isabel de Siguas;Pueblo;1389.5;566;-16.32083333;-72.09888889
Arequipa;Arequipa;Santa Rita de Siguas;040121;Santa Rita de Siguas;Pueblo;1283.1;9168;-16.49361111;-72.09472222
Arequipa;Arequipa;Socabaya;040122;Socabaya;Pueblo;2351.5;92001;-16.4675;-71.52861111
Arequipa;Arequipa;Tiabaya;040123;Tiabaya;Ciudad;2217.7;18026;-16.44944444;-71.59166667
Arequipa;Arequipa;Uchumayo;040124;Uchumayo;Pueblo;1976.0;19147;-16.42527778;-71.6725
Arequipa;Arequipa;Vitor;040125;Vitor;Pueblo;1188.8;5523;-16.46583333;-71.93583333
Arequipa;Arequipa;Yanahuara;040126;Yanahuara;Villa;2401.8;27815;-16.38194444;-71.53638889
Arequipa;Arequipa;Yarabamba;040127;Yarabamba;Villa;2466.6;1797;-16.54666667;-71.47555556
Arequipa;Arequipa;Yura;040128;Yura;Pueblo;2495.3;49354;-16.24694444;-71.70638889
Arequipa;Arequipa;José Luis Bustamante y Rivero;040129;Ciudad Satélite;Ciudad;2389.4;85243;-16.42666667;-71.52388889
Arequipa;Camaná;Camaná;040201;Camaná;Ciudad;19.6;11945;-16.62472222;-72.71138889
Arequipa;Camaná;José María Quimper;040202;El Cardo;Pueblo;35.4;4910;-16.60194444;-72.72722222
Arequipa;Camaná;Mariano Nicolás Valcárcel;040203;Urasqui;Pueblo;361.7;10517;-16.03138889;-73.17444444
Arequipa;Camaná;Mariscal Cáceres;040204;San Jose;Pueblo;17.6;6677;-16.61972222;-72.73611111
Arequipa;Camaná;Nicolás de Piérola;040205;San Gregorio;Pueblo;71.0;8231;-16.57305556;-72.71583333
Arequipa;Camaná;Ocoña;040206;Ocoña;Pueblo;16.4;3863;-16.43166667;-73.105
Arequipa;Camaná;Quilca;040207;Quilca;Pueblo;81.5;1169;-16.71694444;-72.42555556
Arequipa;Camaná;Samuel Pastor;040208;La Pampa;Pueblo;20.7;17607;-16.61361111;-72.69916667
Arequipa;Caravelí;Caravelí;040301;Caravelí;Ciudad;1811.4;4454;-15.7725;-73.36583333
Arequipa;Caravelí;Acarí;040302;Acari;Pueblo;171.0;4112;-15.43555556;-74.61638889
Arequipa;Caravelí;Atico;040303;Atico;Pueblo;100.9;6639;-16.20833333;-73.62361111
Arequipa;Caravelí;Atiquipa;040304;Atiquipa;Pueblo;329.6;431;-15.79611111;-74.36361111
Arequipa;Caravelí;Bella Unión;040305;Bella Unión;Pueblo;218.0;4301;-15.45055556;-74.65833333
Arequipa;Caravelí;Cahuacho;040306;Cahuacho;Pueblo;3423.4;566;-15.50277778;-73.47972222
Arequipa;Caravelí;Chala;040307;Chala;Pueblo;20.6;11472;-15.86555556;-74.2475
Arequipa;Caravelí;Chaparra;040308;Achanizo;Pueblo;610.7;3346;-15.80527778;-73.96694444
Arequipa;Caravelí;Huanuhuanu;040309;Tocota;Pueblo;972.2;3482;-15.65888889;-74.09138889
Arequipa;Caravelí;Jaqui;040310;Jaqui;Pueblo;270.9;1593;-15.47916667;-74.44361111
Arequipa;Caravelí;Lomas;040311;Lomas;Pueblo;26.3;1684;-15.56972222;-74.85138889
Arequipa;Caravelí;Quicacha;040312;Quicacha;Pueblo;1836.0;1915;-15.625;-73.79833333
Arequipa;Caravelí;Yauca;040313;Yauca;Pueblo;30.7;2145;-15.66194444;-74.52722222
Arequipa;Castilla;Aplao;040401;Aplao;Ciudad;624.5;9116;-16.07611111;-72.49222222
Arequipa;Castilla;Andagua;040402;Andagua;Pueblo;3594.0;928;-15.49888889;-72.35611111
Arequipa;Castilla;Ayo;040403;Ayo;Pueblo;2002.9;195;-15.68277778;-72.27194444
Arequipa;Castilla;Chachas;040404;Chachas;Pueblo;3117.3;1482;-15.50138889;-72.27055556
Arequipa;Castilla;Chilcaymarca;040405;Chilcaymarca;Pueblo;3866.6;1135;-15.28611111;-72.37666667
Arequipa;Castilla;Choco;040406;Choco;Pueblo;2418.2;545;-15.57666667;-72.12888889
Arequipa;Castilla;Huancarqui;040407;Huancarqui;Pueblo;620.3;1664;-16.09611111;-72.47222222
Arequipa;Castilla;Machaguay;040408;Machaguay;Villa;3131.3;339;-15.65027778;-72.50611111
Arequipa;Castilla;Orcopampa;040409;Orcopampa;Pueblo;3818.0;8829;-15.2625;-72.34194444
Arequipa;Castilla;Pampacolca;040410;Pampacolca;Villa;2922.4;1510;-15.71333333;-72.57388889
Arequipa;Castilla;Tipán;040411;Tipán;Pueblo;1939.3;384;-15.72305556;-72.50194444
Arequipa;Castilla;Uñón;040412;Uñón;Pueblo;2726.5;193;-15.72861111;-72.43222222
Arequipa;Castilla;Uraca;040413;Corire;Pueblo;452.1;6182;-16.22388889;-72.46972222
Arequipa;Castilla;Viraco;040414;Viraco;Villa;3209.6;1370;-15.65833333;-72.525
Arequipa;Caylloma;Chivay;040501;Chivay;Pueblo;3682.6;5741;-15.64027778;-71.60361111
Arequipa;Caylloma;Achoma;040502;Achoma;Pueblo;3524.1;804;-15.66;-71.70361111
Arequipa;Caylloma;Cabanaconde;040503;Cabanaconde;Pueblo;3295.0;1997;-15.62;-71.98194444
Arequipa;Caylloma;Callalli;040504;Callalli;Pueblo;3887.1;1215;-15.50638889;-71.44472222
Arequipa;Caylloma;Caylloma;040505;Caylloma;Pueblo;4360.8;3578;-15.18888889;-71.77333333
Arequipa;Caylloma;Coporaque;040506;Coporaque;Pueblo;3599.6;1109;-15.62722222;-71.64611111
Arequipa;Caylloma;Huambo;040507;Huambo;Pueblo;3309.0;630;-15.72944444;-72.10972222
Arequipa;Caylloma;Huanca;040508;Huanca;Pueblo;3073.1;946;-16.03361111;-71.87805556
Arequipa;Caylloma;Ichupampa;040509;Ichupampa;Pueblo;3422.0;561;-15.65;-71.68666667
Arequipa;Caylloma;Lari;040510;Lari;Pueblo;3372.9;758;-15.61833333;-71.7725
Arequipa;Caylloma;Lluta;040511;Lluta;Pueblo;3031.3;672;-16.01555556;-72.01388889
Arequipa;Caylloma;Maca;040512;Maca;Pueblo;3287.4;660;-15.64138889;-71.76833333
Arequipa;Caylloma;Madrigal;040513;Madrigal;Pueblo;3299.5;643;-15.60833333;-71.8075
Arequipa;Caylloma;San Antonio de Chuca;040514;San Antonio de Chuca;Pueblo;4469.5;823;-15.83888889;-71.09055556
Arequipa;Caylloma;Sibayo;040515;Sibayo;Pueblo;3836.3;666;-15.48611111;-71.45694444
Arequipa;Caylloma;Tapay;040516;Tapay;Pueblo;3011.0;949;-15.5775;-71.93972222
Arequipa;Caylloma;Tisco;040517;Tisco;Pueblo;4195.0;1471;-15.34694444;-71.44638889
Arequipa;Caylloma;Tuti;040518;Tuti;Pueblo;3831.0;554;-15.53305556;-71.55305556
Arequipa;Caylloma;Yanque;040519;Yanque;Pueblo;3468.2;2086;-15.64833333;-71.66083333
Arequipa;Caylloma;Majes;040520;El Pedregal;Villa;1392.0;80557;-16.35333333;-72.24722222
Arequipa;Condesuyos;Chuquibamba;040601;Chuquibamba;Ciudad;2916.2;3314;-15.83944444;-72.65166667
Arequipa;Condesuyos;Andaray;040602;Andaray;Pueblo;3047.0;649;-15.79722222;-72.86083333
Arequipa;Condesuyos;Cayarani;040603;Cayarani;Pueblo;3950.9;3208;-14.67194444;-72.02194444
Arequipa;Condesuyos;Chichas;040604;Chichas;Pueblo;2173.9;624;-15.54777778;-72.91861111
Arequipa;Condesuyos;Iray;040605;Iray;Pueblo;2469.0;561;-15.85361111;-72.63
Arequipa;Condesuyos;Río Grande;040606;Iquipi;Pueblo;483.6;3467;-15.94;-73.13111111
Arequipa;Condesuyos;Salamanca;040607;Salamanca;Pueblo;3226.2;319;-15.50444444;-72.83444444
Arequipa;Condesuyos;Yanaquihua;040608;Yanaquihua;Pueblo;3005.6;3656;-15.77555556;-72.87638889
Arequipa;Islay;Mollendo;040701;Mollendo;Ciudad;72.851;27336;-17.02916667;-72.01638889
Arequipa;Islay;Cocachacra;040702;Cocachacra;Pueblo;113.7;8187;-17.09111111;-71.77388889
Arequipa;Islay;Dean Valdivia;040703;La Curva;Pueblo;15.6;7415;-17.145;-71.82666667
Arequipa;Islay;Islay;040704;Islay (Matarani);Pueblo;110.32;5353;-17.00083333;-72.0975
Arequipa;Islay;Mejía;040705;Mejía;Pueblo;9.2;1292;-17.10111111;-71.9075
Arequipa;Islay;Punta de Bombón;040706;Punta de Bombón;Pueblo;138.2;6409;-17.15611111;-71.78472222
Arequipa;La Unión;Cotahuasi;040801;Cotahuasi;Ciudad;2696.4;2985;-15.21277778;-72.88944444
Arequipa;La Unión;Alca;040802;Alca;Pueblo;2758.7;1757;-15.13416667;-72.765
Arequipa;La Unión;Charcana;040803;Charcana;Pueblo;3431.5;568;-15.24055556;-73.07055556
Arequipa;La Unión;Huaynacotas;040804;Taurisma;Pueblo;2612.3;1700;-15.17472222;-72.84972222
Arequipa;La Unión;Pampamarca;040805;Mungui;Pueblo;2648.7;1013;-15.1825;-72.90527778
Arequipa;La Unión;Puyca;040806;Puyca;Pueblo;3675.0;2198;-15.05916667;-72.69166667
Arequipa;La Unión;Quechualla;040807;Velinga;Pueblo;1963.7;282;-15.27388889;-73.02222222
Arequipa;La Unión;Sayla;040808;Sayla;Pueblo;3543.8;249;-15.32;-73.22194444
Arequipa;La Unión;Tauria;040809;Tauria;Pueblo;2850.3;303;-15.35416667;-73.2325
Arequipa;La Unión;Tomepampa;040810;Tomepampa;Pueblo;2643.8;591;-15.17305556;-72.83027778
Arequipa;La Unión;Toro;040811;Toro;Pueblo;2986.9;424;-15.26444444;-72.92833333
Ayacucho;Huamanga;Ayacucho;050101;Ayacucho;Ciudad;2797.1;115393;-13.16027778;-74.22527778
Ayacucho;Huamanga;Acocro;050102;Acocro;Pueblo;3251.3;9361;-13.21861111;-74.04194444
Ayacucho;Huamanga;Acos Vinchos;050103;Acos Vinchos;Pueblo;2874.2;5163;-13.11305556;-74.1
Ayacucho;Huamanga;Carmen Alto;050104;Carmen Alto;Ciudad;2921.2;32883;-13.17944444;-74.22055556
Ayacucho;Huamanga;Chiara;050105;Chiara;Pueblo;3540.2;7062;-13.27277778;-74.20583333
Ayacucho;Huamanga;Ocros;050106;Ocros;Villa;3152.6;6457;-13.39055556;-73.91555556
Ayacucho;Huamanga;Pacaycasa;050107;Pacaycasa;Pueblo;2570.6;3725;-13.0575;-74.21583333
Ayacucho;Huamanga;Quinua;050108;Quinua;Villa;3301.2;6084;-13.04916667;-74.13916667
Ayacucho;Huamanga;San José de Ticllas;050109;Ticllas;Pueblo;3282.3;1663;-13.13222222;-74.33305556
Ayacucho;Huamanga;San Juan Bautista;050110;San Juan Bautista;Ciudad;2785.6;55479;-13.16666667;-74.22361111
Ayacucho;Huamanga;Santiago de Pischa;050111;San Pedro de Cachi;Pueblo;3210.3;1714;-13.08555556;-74.39333333
Ayacucho;Huamanga;Socos;050112;Socos;Pueblo;3367.8;7167;-13.215;-74.28944444
Ayacucho;Huamanga;Tambillo;050113;Tambillo;Pueblo;3110.7;6364;-13.19472222;-74.11055556
Ayacucho;Huamanga;Vinchos;050114;Vinchos;Pueblo;3154.6;17231;-13.24166667;-74.35416667
Ayacucho;Huamanga;Jesús Nazareno;050115;Las Nazarenas;Ciudad;2816.6;21917;-13.15416667;-74.2125
Ayacucho;Huamanga;Andrés Avelino Cáceres Dorregaray;050116;Jardín;Ciudad;2775.3;32326;-13.16277778;-74.21388889
Ayacucho;Cangallo;Cangallo;050201;Cangallo;Ciudad;2573.7;5320;-13.62916667;-74.14388889
Ayacucho;Cangallo;Chuschi;050202;Chuschi;Villa;3156.7;9292;-13.585;-74.35166667
Ayacucho;Cangallo;Los Morochucos;050203;Pampa-Cangallo;Pueblo;3345.6;8016;-13.5575;-74.195
Ayacucho;Cangallo;María Parado de Bellido;050204;Pomabamba;Villa;3244.8;1713;-13.60472222;-74.23638889
Ayacucho;Cangallo;Paras;050205;Paras;Pueblo;3353.8;3877;-13.5525;-74.62777778
Ayacucho;Cangallo;Totos;050206;Totos;Pueblo;3333.4;2580;-13.5675;-74.52277778
Ayacucho;Huanca Sancos;Sancos;050301;Huanca Sancos;Ciudad;3433.2;3095;-13.91972222;-74.33416667
Ayacucho;Huanca Sancos;Carapo;050302;Carapo;Villa;3245.8;1620;-13.8375;-74.31555556
Ayacucho;Huanca Sancos;Sacsamarca;050303;Sacsamarca;Pueblo;3463.2;1215;-13.94277778;-74.31277778
Ayacucho;Huanca Sancos;Santiago de Lucanamarca;050304;Santiago de Lucanamarca;Pueblo;3512.1;1959;-13.84388889;-74.37222222
Ayacucho;Huanta;Huanta;050401;Huanta;Ciudad;2684.5;45669;-12.93944444;-74.24805556
Ayacucho;Huanta;Ayahuanco;050402;Viracochan;Pueblo;2699.1;877;-12.59388889;-74.33083333
Ayacucho;Huanta;Huamanguilla;050403;Huamanguilla;Villa;3300.4;3748;-13.01111111;-74.17305556
Ayacucho;Huanta;Iguain;050404;Macachacra;Pueblo;3062.8;2842;-12.9925;-74.20888889
Ayacucho;Huanta;Luricocha;050405;Luricocha;Villa;2598.4;6565;-12.89972222;-74.27361111
Ayacucho;Huanta;Santillana;050406;San Jose de Secce;Pueblo;3265.0;3318;-12.76638889;-74.25305556
Ayacucho;Huanta;Sivia;050407;Sivia;Pueblo;561.4;11014;-12.51194444;-73.85888889
Ayacucho;Huanta;Llochegua;050408;Llochegua;Pueblo;539.9;12017;-12.41;-73.90638889
Ayacucho;Huanta;Canayre;050409;Canayre;Pueblo;527.9;5041;-12.28222222;-74.02305556
Ayacucho;Huanta;Uchuraccay;050410;Huaynacancha;Pueblo;3898.2;3274;-12.76138889;-74.14555556
Ayacucho;Huanta;Pucacolpa;050411;Huallhua;Pueblo;3492.5;1695;-12.42055556;-74.48916667
Ayacucho;Huanta;Chaca;050412;Chaca;Pueblo;3400.3;2041;-12.78416667;-74.20583333
Ayacucho;Huanta;Putis;050413;Rodeo;Pueblo;3844.0;250;-12.62666667;-74.19444444
Ayacucho;La Mar;San Miguel;050501;San Miguel;Ciudad;2696.4;8334;-13.01277778;-73.98111111
Ayacucho;La Mar;Anco;050502;Chiquintirca;Pueblo;3212.6;5127;-13.06027778;-73.70694444
Ayacucho;La Mar;Ayna;050503;San Francisco;Pueblo;627.4;9712;-12.62416667;-73.78944444
Ayacucho;La Mar;Chilcas;050504;Chilcas;Pueblo;3192.0;1281;-13.17111111;-73.90638889
Ayacucho;La Mar;Chungui;050505;Chungui;Pueblo;3505.7;4149;-13.22222222;-73.62166667
Ayacucho;La Mar;Luis Carranza;050506;Pampas;Pueblo;2962.3;1401;-13.22888889;-73.89444444
Ayacucho;La Mar;Santa Rosa;050507;Santa Rosa;Pueblo;728.7;12917;-12.68777778;-73.73583333
Ayacucho;La Mar;Tambo;050508;Tambo;Villa;3237.1;6465;-12.94805556;-74.02083333
Ayacucho;La Mar;Samugari;050509;Palmapampa;Pueblo;753.7;9349;-12.76833333;-73.65555556
Ayacucho;La Mar;Anchihuay;050510;Anchihuay;Pueblo;768.8;3926;-12.86361111;-73.5825
Ayacucho;La Mar;Oronccoy;050511;Oronccoy;Pueblo;3718.5;963;-13.38083333;-73.43611111
Ayacucho;La Mar;Unión Progreso;050512;San Antonio;Pueblo;690.0;1985;-12.93277778;-73.53333333
Ayacucho;La Mar;Río Magdalena;050513;Monterrico;Pueblo;667.0;2322;-12.82583333;-73.59222222
Ayacucho;La Mar;Ninabamba;050514;Ninabamba;Pueblo;2331.0;1912;-13.09027778;-73.91638889
Ayacucho;La Mar;Patibamba;050515;Patibamba;Pueblo;2467.0;1497;-13.06416667;-73.94194444
Ayacucho;Lucanas;Puquio;050601;Puquio;Ciudad;3233.7;14505;-14.69416667;-74.12444444
Ayacucho;Lucanas;Aucara;050602;Aucara;Pueblo;3235.7;2342;-14.28111111;-73.97527778
Ayacucho;Lucanas;Cabana;050603;Cabana;Villa;3298.0;1738;-14.28833333;-73.96722222
Ayacucho;Lucanas;Carmen Salcedo;050604;Andamarca;Pueblo;3478.1;1251;-14.38777778;-73.96194444
Ayacucho;Lucanas;Chaviña;050605;Chaviña;Villa;3338.0;2261;-14.97944444;-73.8375
Ayacucho;Lucanas;Chipao;050606;Chipao;Pueblo;3440.1;2157;-14.36583333;-73.87611111
Ayacucho;Lucanas;Huac-Huas;050607;Huac-Huas;Pueblo;3188.8;1348;-14.13166667;-74.94222222
Ayacucho;Lucanas;Laramate;050608;Laramate;Villa;3078.4;1613;-14.28611111;-74.8425
Ayacucho;Lucanas;Leoncio Prado;050609;Tambo Quemado;Pueblo;2695.9;995;-14.72888889;-74.67027778
Ayacucho;Lucanas;Llauta;050610;Llauta;Pueblo;2666.1;783;-14.24361111;-74.92027778
Ayacucho;Lucanas;Lucanas;050611;Lucanas;Pueblo;3385.2;2478;-14.6225;-74.23305556
Ayacucho;Lucanas;Ocaña;050612;Ocaña;Pueblo;2650.0;2010;-14.39888889;-74.82277778
Ayacucho;Lucanas;Otoca;050613;Otoca;Pueblo;1882.8;1628;-14.49;-74.68666667
Ayacucho;Lucanas;Saisa;050614;Saisa;Pueblo;3070.4;833;-14.94027778;-74.41722222
Ayacucho;Lucanas;San Cristóbal;050615;San Cristóbal;Pueblo;3586.6;1780;-14.74305556;-74.22222222
Ayacucho;Lucanas;San Juan;050616;San Juan;Villa;3290.3;949;-14.65166667;-74.19916667
Ayacucho;Lucanas;San Pedro;050617;San Pedro;Villa;3115.1;2508;-14.76694444;-74.09777778
Ayacucho;Lucanas;San Pedro de Palco;050618;San Pedro de Palco;Pueblo;2537.6;786;-14.41194444;-74.65138889
Ayacucho;Lucanas;Sancos;050619;Sancos;Pueblo;2825.5;4684;-15.06277778;-73.95222222
Ayacucho;Lucanas;Santa Ana de Huaycahuacho;050620;Santa Ana de Huaycahuacho;Pueblo;2983.9;866;-14.22638889;-73.95666667
Ayacucho;Lucanas;Santa Lucia;050621;Santa Lucia;Pueblo;2252.3;1518;-14.97833333;-74.52388889
Ayacucho;Parinacochas;Coracora;050701;Coracora;Ciudad;3166.0;12618;-15.01694444;-73.78138889
Ayacucho;Parinacochas;Chumpi;050702;Chumpi;Villa;3226.2;1852;-15.09444444;-73.74805556
Ayacucho;Parinacochas;Coronel Castañeda;050703;Aniso;Pueblo;3621.9;2193;-14.80722222;-73.28222222
Ayacucho;Parinacochas;Pacapausa;050704;Pacapausa;Pueblo;2820.6;403;-14.95027778;-73.36777778
Ayacucho;Parinacochas;Pullo;050705;Pullo;Ciudad;3037.3;8222;-15.21;-73.82666667
Ayacucho;Parinacochas;Puyusca;050706;Incuyo;Pueblo;3306.9;1963;-15.24694444;-73.56944444
Ayacucho;Parinacochas;San Francisco de Rivacayco;050707;San Francisco de Rivacayco;Pueblo;2832.6;449;-14.99694444;-73.35111111
Ayacucho;Parinacochas;Upahuacho;050708;Upahuacho;Pueblo;3340.5;844;-14.90722222;-73.3975
Ayacucho;Páucar del Sara Sara;Pausa;050801;Pausa;Villa;2536.2;3399;-15.27861111;-73.34416667
Ayacucho;Páucar del Sara Sara;Colta;050802;Colta;Pueblo;3266.6;329;-15.16277778;-73.29388889
Ayacucho;Páucar del Sara Sara;Corculla;050803;Corculla;Pueblo;3503.2;392;-15.26277778;-73.20027778
Ayacucho;Páucar del Sara Sara;Lampa;050804;Lampa;Pueblo;2809.4;1762;-15.185;-73.34916667
Ayacucho;Páucar del Sara Sara;Marcabamba;050805;Marcabamba;Pueblo;2614.8;548;-15.14972222;-73.34166667
Ayacucho;Páucar del Sara Sara;Oyolo;050806;Oyolo;Villa;3410.0;1815;-15.18;-73.18527778
Ayacucho;Páucar del Sara Sara;Pararca;050807;Pararca;Villa;3047.0;300;-15.2175;-73.46472222
Ayacucho;Páucar del Sara Sara;San Javier de Alpabamba;050808;San Javier de Alpabamba;Pueblo;2627.5;205;-15.05666667;-73.32222222
Ayacucho;Páucar del Sara Sara;San José de Ushua;050809;San José de Ushua;Pueblo;3033.7;266;-15.225;-73.22666667
Ayacucho;Páucar del Sara Sara;Sara Sara;050810;Quilcata;Pueblo;3304.8;374;-15.24527778;-73.45305556
Ayacucho;Sucre;Querobamba;050901;Querobamba;Ciudad;3516.1;2569;-14.01166667;-73.83861111
Ayacucho;Sucre;Belén;050902;Belén;Pueblo;3223.2;278;-13.80888889;-73.7575
Ayacucho;Sucre;Chalcos;050903;Chalcos;Pueblo;3676.5;421;-13.84805556;-73.75416667
Ayacucho;Sucre;Chilcayoc;050904;Chilcayoc;Pueblo;3404.4;449;-13.88305556;-73.72722222
Ayacucho;Sucre;Huacaña;050905;Huacaña;Pueblo;3185.8;312;-14.17222222;-73.88638889
Ayacucho;Sucre;Morcolla;050906;Morcolla;Pueblo;3503.8;1178;-14.10861111;-73.87194444
Ayacucho;Sucre;Paico;050907;Paico;Pueblo;3110.5;461;-14.03833333;-73.64222222
Ayacucho;Sucre;San Pedro de Larcay;050908;San Pedro de Larcay;Pueblo;3395.0;784;-14.16861111;-73.57277778
Ayacucho;Sucre;San Salvador de Quije;050909;San Salvador de Quije;Pueblo;3221.8;839;-13.96833333;-73.73472222
Ayacucho;Sucre;Santiago de Paucaray;050910;Santiago de Paucaray;Pueblo;3250.9;513;-14.04444444;-73.6375
Ayacucho;Sucre;Soras;050911;Soras;Pueblo;3432.3;976;-14.11444444;-73.60444444
Ayacucho;Víctor Fajardo;Huancapi;051001;Huancapi;Ciudad;3105.4;1769;-13.75222222;-74.06666667
Ayacucho;Víctor Fajardo;Alcamenca;051002;Alcamenca;Pueblo;3173.3;1208;-13.65722222;-74.14722222
Ayacucho;Víctor Fajardo;Apongo;051003;Apongo;Pueblo;3077.6;469;-14.01333333;-73.93222222
Ayacucho;Víctor Fajardo;Asquipata;051004;Asquipata;Pueblo;3332.4;474;-14.05472222;-73.90944444
Ayacucho;Víctor Fajardo;Canaria;051005;Canaria;Villa;3042.6;3998;-13.92305556;-73.90472222
Ayacucho;Víctor Fajardo;Cayara;051006;Cayara;Pueblo;3207.4;1092;-13.79527778;-73.98861111
Ayacucho;Víctor Fajardo;Colca;051007;Colca;Pueblo;3003.0;975;-13.7125;-74.03388889
Ayacucho;Víctor Fajardo;Huamanquiquia;051008;Huamanquiquia;Villa;3390.2;1069;-13.72916667;-74.27222222
Ayacucho;Víctor Fajardo;Huancaraylla;051009;Huancaraylla;Pueblo;3245.6;1137;-13.71888889;-74.1025
Ayacucho;Víctor Fajardo;Hualla;051010;San Pedro de Huaya;Villa;3423.1;1771;-13.85;-73.95083333
Ayacucho;Víctor Fajardo;Sarhua;051011;Sarhua;Villa;3184.3;2536;-13.67277778;-74.32027778
Ayacucho;Víctor Fajardo;Vilcanchos;051012;Vilcanchos;Villa;3011.0;2290;-13.61138889;-74.5325
Ayacucho;Vilcas Huamán;Vilcas Huamán;051101;Vilcas Huamán;Villa;3493.9;6229;-13.6525;-73.95388889
Ayacucho;Vilcas Huamán;Accomarca;051102;Accomarca;Pueblo;3386.5;782;-13.80055556;-73.90416667
Ayacucho;Vilcas Huamán;Carhuanca;051103;Carhuanca;Villa;2979.8;763;-13.7425;-73.78722222
Ayacucho;Vilcas Huamán;Concepción;051104;Concepción;Pueblo;3060.7;1392;-13.5325;-73.87527778
Ayacucho;Vilcas Huamán;Huambalpa;051105;Huambalpa;Pueblo;3293.7;1158;-13.75027778;-73.93166667
Ayacucho;Vilcas Huamán;Independencia;051106;Paccha Huallhua;Pueblo;3606.2;999;-13.85277778;-73.87722222
Ayacucho;Vilcas Huamán;Saurama;051107;Saurama;Pueblo;3574.1;979;-13.69555556;-73.75944444
Ayacucho;Vilcas Huamán;Vischongo;051108;Vischongo;Pueblo;3149.6;3816;-13.58916667;-73.99527778
Cajamarca;Cajamarca;Cajamarca;060101;Cajamarca;Ciudad;2731.2;252188;-7.15472222;-78.51083333
Cajamarca;Cajamarca;Asunción;060102;Asunción;Villa;2253.5;6531;-7.32472222;-78.51861111
Cajamarca;Cajamarca;Chetilla;060103;Chetilla;Pueblo;2801.6;3754;-7.14694444;-78.67333333
Cajamarca;Cajamarca;Cospán;060104;Cospán;Pueblo;2470.7;6914;-7.42722222;-78.54222222
Cajamarca;Cajamarca;Encañada;060105;Encañada;Pueblo;3086.8;18314;-7.08694444;-78.34444444
Cajamarca;Cajamarca;Jesús;060106;Jesús;Ciudad;2567.5;16928;-7.24861111;-78.37916667
Cajamarca;Cajamarca;Llacanora;060107;Llacanora;Pueblo;2620.6;6781;-7.19361111;-78.42666667
Cajamarca;Cajamarca;Los Baños del Inca;060108;Los Baños del Inca;Pueblo;2685.0;58177;-7.16361111;-78.46444444
Cajamarca;Cajamarca;Magdalena;060109;Magdalena;Pueblo;1298.1;8555;-7.25083333;-78.65972222
Cajamarca;Cajamarca;Matara;060110;Matara;Pueblo;2833.9;3704;-7.25472222;-78.25972222
Cajamarca;Cajamarca;Namora;060111;Namora;Pueblo;2764.6;10488;-7.20277778;-78.32472222
Cajamarca;Cajamarca;San Juan;060112;San Juan;Pueblo;2336.2;4395;-7.29166667;-78.4975
Cajamarca;Cajabamba;Cajabamba;060201;Cajabamba;Ciudad;2686.5;35192;-7.62305556;-78.04611111
Cajamarca;Cajabamba;Cachachi;060202;Cachachi;Pueblo;3223.9;25616;-7.44888889;-78.26888889
Cajamarca;Cajabamba;Condebamba;060203;Cauday;Pueblo;2828.5;15688;-7.57361111;-78.06972222
Cajamarca;Cajabamba;Sitacocha;060204;Lluchubamba;Pueblo;3209.1;7597;-7.51944444;-77.96944444
Cajamarca;Celendín;Celendín;060301;Celendín;Ciudad;2628.6;30220;-6.86694444;-78.14305556
Cajamarca;Celendín;Chumuch;060302;Chumuch;Pueblo;2201.8;2481;-6.60277778;-78.20027778
Cajamarca;Celendín;Cortegana;060303;Chimuch (Cortegana);Pueblo;2351.7;6871;-6.51305556;-78.32888889
Cajamarca;Celendín;Huasmín;060304;Huasmín;Pueblo;2542.9;9717;-6.8375;-78.24472222
Cajamarca;Celendín;Jorge Chávez;060305;Lucmapampa;Pueblo;2645.9;420;-6.94111111;-78.09166667
Cajamarca;Celendín;José Gálvez;060306;Huacapampa;Pueblo;2617.7;2631;-6.92555556;-78.13277778
Cajamarca;Celendín;Miguel Iglesias;060307;Chalan;Pueblo;2813.1;3489;-6.65027778;-78.2325
Cajamarca;Celendín;Oxamarca;060308;Oxamarca;Pueblo;2835.9;5462;-7.04222222;-78.06833333
Cajamarca;Celendín;Sorochuco;060309;Sorochuco;Pueblo;2662.8;6519;-6.91194444;-78.25527778
Cajamarca;Celendín;Sucre;060310;Sucre;Ciudad;2632.2;5142;-6.94277778;-78.13527778
Cajamarca;Celendín;Utco;060311;Utco;Pueblo;2225.1;1007;-6.89638889;-78.06333333
Cajamarca;Celendín;La Libertad de Pallán;060312;La Libertad de  Pallán;Pueblo;2951.8;6422;-6.72388889;-78.2825
Cajamarca;Chota;Chota;060401;Chota;Ciudad;2429.8;52925;-6.55972222;-78.64694444
Cajamarca;Chota;Anguia;060402;Anguia;Pueblo;2619.9;2846;-6.34194444;-78.60527778
Cajamarca;Chota;Chadin;060403;Chadin;Pueblo;2428.5;3439;-6.47138889;-78.41944444
Cajamarca;Chota;Chiguirip;060404;Chiguirip;Pueblo;2652.1;3247;-6.42833333;-78.72138889
Cajamarca;Chota;Chimbán;060405;Chimbán;Pueblo;1668.2;1831;-6.25166667;-78.47888889
Cajamarca;Chota;Choropampa;060406;Choropampa;Pueblo;2215.1;1979;-6.37111111;-78.41194444
Cajamarca;Chota;Cochabamba;060407;Cochabamba;Pueblo;1687.5;5490;-6.47388889;-78.88583333
Cajamarca;Chota;Conchán;060408;Conchán;Pueblo;2320.6;5719;-6.44472222;-78.65583333
Cajamarca;Chota;Huambos;060409;Huambos;Pueblo;2292.0;8193;-6.45277778;-78.96111111
Cajamarca;Chota;Lajas;060410;Lajas;Pueblo;2151.1;11088;-6.56055556;-78.73472222
Cajamarca;Chota;Llama;060411;Llama;Ciudad;2111.8;7074;-6.51444444;-79.12027778
Cajamarca;Chota;Miracosta;060412;Miracosta;Villa;2983.4;3128;-6.40444444;-79.28361111
Cajamarca;Chota;Paccha;060413;Paccha;Pueblo;2130.2;4392;-6.4975;-78.42361111
Cajamarca;Chota;Pion;060414;Pion;Pueblo;1834.4;1089;-6.17777778;-78.4825
Cajamarca;Chota;Querocoto;060415;Querocoto;Pueblo;2444.9;8624;-6.35972222;-79.03444444
Cajamarca;Chota;San Juan de Licupis;060416;Licupis;Pueblo;3030.9;924;-6.42416667;-79.24222222
Cajamarca;Chota;Tacabamba;060417;Tacabamba;Ciudad;2076.8;15736;-6.39277778;-78.61138889
Cajamarca;Chota;Tocmoche;060418;Tocmoche;Pueblo;1313.2;833;-6.41277778;-79.36083333
Cajamarca;Chota;Chalamarca;060419;Chalamarca;Pueblo;2666.9;9288;-6.50305556;-78.47972222
Cajamarca;Contumazá;Contumazá;060501;Contumazá;Ciudad;2694.6;7655;-7.36666667;-78.80527778
Cajamarca;Contumazá;Chilete;060502;Chilete;Ciudad;882.6;2458;-7.22138889;-78.83972222
Cajamarca;Contumazá;Cupisnique;060503;Trinidad;Villa;1903.7;1285;-7.34888889;-79.02972222
Cajamarca;Contumazá;Guzmango;060504;Guzmango;Villa;2567.8;2811;-7.38388889;-78.89611111
Cajamarca;Contumazá;San Benito;060505;San Benito;Ciudad;1386.0;3628;-7.425;-78.9275
Cajamarca;Contumazá;Santa Cruz de Toled;060506;Santa Cruz de Toled;Villa;2425.9;986;-7.34444444;-78.83666667
Cajamarca;Contumazá;Tantarica;060507;Catan;Villa;2780.1;2663;-7.30055556;-78.93305556
Cajamarca;Contumazá;Yonán;060508;Tembladera;Ciudad;452.5;6489;-7.25305556;-79.13111111
Cajamarca;Cutervo;Cutervo;060601;Cutervo;Ciudad;2665.1;50915;-6.37722222;-78.81805556
Cajamarca;Cutervo;Callayuc;060602;Callayuc;Pueblo;1557.9;9381;-6.18111111;-78.91055556
Cajamarca;Cutervo;Choros;060603;Choros;Pueblo;473.6;3206;-5.9;-78.69388889
Cajamarca;Cutervo;Cujillo;060604;Cujillo;Pueblo;1598.4;2461;-6.10694444;-78.57388889
Cajamarca;Cutervo;La Ramada;060605;La Ramada;Pueblo;2130.7;3751;-6.25333333;-78.57555556
Cajamarca;Cutervo;Pimpingos;060606;Pimpingos;Pueblo;1756.5;4784;-6.06194444;-78.75861111
Cajamarca;Cutervo;Querocotillo;060607;Querocotillo;Pueblo;2003.0;12435;-6.27361111;-79.03777778
Cajamarca;Cutervo;San Andrés de Cutervo;060608;San Andrés de Cutervo;Pueblo;2089.8;3952;-6.23888889;-78.71277778
Cajamarca;Cutervo;San Juan de Cutervo;060609;San Juan de Cutervo;Pueblo;1644.9;1761;-6.16305556;-78.59805556
Cajamarca;Cutervo;San Luis de Lucma;060610;San Luis de Lucma;Pueblo;1916.2;2708;-6.29388889;-78.60361111
Cajamarca;Cutervo;Santa Cruz;060611;Santa Cruz;Pueblo;1708.2;2497;-6.095;-78.85277778
Cajamarca;Cutervo;Santo Domingo de La Capilla;060612;Santo Domingo de La Capilla;Pueblo;1761.3;4878;-6.24472222;-78.85527778
Cajamarca;Cutervo;Santo Tomás;060613;Santo Tomás;Pueblo;2167.1;7397;-6.15138889;-78.68194444
Cajamarca;Cutervo;Socota;060614;Socota;Villa;1847.4;8649;-6.31527778;-78.69944444
Cajamarca;Cutervo;Toribio Casanova;060615;La Sacilia;Pueblo;1463.8;997;-6.00416667;-78.69833333
Cajamarca;Hualgayoc;Bambamarca;060701;Bambamarca;Ciudad;2555.5;61515;-6.67972222;-78.51888889
Cajamarca;Hualgayoc;Chugur;060702;Chugur;Pueblo;2765.1;2691;-6.67083333;-78.73833333
Cajamarca;Hualgayoc;Hualgayoc;060703;Hualgayoc;Ciudad;3530.2;15697;-6.76472222;-78.60805556
Cajamarca;Jaén;Jaén;060801;Jaén;Ciudad;727.7;110148;-5.70888889;-78.80916667
Cajamarca;Jaén;Bellavista;060802;Bellavista;Ciudad;438.4;16507;-5.66777778;-78.67722222
Cajamarca;Jaén;Chontali;060803;Chontali;Pueblo;1636.0;10512;-5.64611111;-79.08833333
Cajamarca;Jaén;Colasay;060804;Colasay;Pueblo;1800.3;10124;-5.97861111;-79.06861111
Cajamarca;Jaén;Huabal;060805;Huabal;Pueblo;1379.6;9065;-5.6125;-78.89972222
Cajamarca;Jaén;Las Pirias;060806;Las Pirias;Pueblo;1620.0;4683;-5.62722222;-78.85277778
Cajamarca;Jaén;Pomahuaca;060807;Pomahuaca;Pueblo;1097.3;9325;-5.93138889;-79.22944444
Cajamarca;Jaén;Pucará;060808;Pucará;Pueblo;908.9;6903;-6.04138889;-79.12833333
Cajamarca;Jaén;Sallique;060809;Sallique;Pueblo;1700.8;7459;-5.65805556;-79.31527778
Cajamarca;Jaén;San Felipe;060810;San Felipe;Pueblo;1860.9;4306;-5.77027778;-79.31388889
Cajamarca;Jaén;San José del Alto;060811;San José del Alto;Pueblo;1398.8;8185;-5.465;-79.01777778
Cajamarca;Jaén;Santa Rosa;060812;Santa Rosa;Villa;1238.4;9525;-5.43416667;-78.56666667
Cajamarca;San Ignacio;San Ignacio;060901;San Ignacio;Ciudad;1294.6;42546;-5.14611111;-79.00472222
Cajamarca;San Ignacio;Chirinos;060902;Chirinos;Pueblo;1850.2;16553;-5.30583333;-78.89833333
Cajamarca;San Ignacio;Huarango;060903;Huarango;Pueblo;775.6;17260;-5.27222222;-78.77583333
Cajamarca;San Ignacio;La Coipa;060904;La Coipa;Pueblo;1507.3;21625;-5.39277778;-78.90638889
Cajamarca;San Ignacio;Namballe;060905;Namballe;Pueblo;713.1;9517;-5.00416667;-79.08722222
Cajamarca;San Ignacio;San José de Lourdes;060906;San José de Lourdes;Pueblo;1133.7;20025;-5.10305556;-78.91416667
Cajamarca;San Ignacio;Tabaconas;060907;Tabaconas;Pueblo;1897.3;20345;-5.31611111;-79.28333333
Cajamarca;San Marcos;Pedro Gálvez;061001;San Marcos;Ciudad;2279.7;22715;-7.33583333;-78.17
Cajamarca;San Marcos;Chancay;061002;Chancay;Pueblo;2698.7;2982;-7.38805556;-78.12333333
Cajamarca;San Marcos;Eduardo Villanueva;061003;La Grama;Pueblo;2025.8;3393;-7.46444444;-78.13
Cajamarca;San Marcos;Gregorio Pita;061004;Paucamarca;Pueblo;2722.4;4545;-7.27361111;-78.16
Cajamarca;San Marcos;Ichocán;061005;Ichocán;Ciudad;2615.5;1905;-7.36888889;-78.12972222
Cajamarca;San Marcos;José Manuel Quiroz;061006;Shirac;Pueblo;2780.5;3430;-7.34944444;-78.04777778
Cajamarca;San Marcos;José Sabogal;061007;Venecia;Pueblo;3331.4;13216;-7.25111111;-78.03666667
Cajamarca;San Miguel;San Miguel;061101;San Miguel de Pallaques;Ciudad;2611.6;13234;-7.0;-78.85
Cajamarca;San Miguel;Bolívar;061102;Bolívar;Pueblo;940.1;1141;-6.97694444;-79.17805556
Cajamarca;San Miguel;Calquis;061103;Calquis;Pueblo;2876.7;4210;-6.98027778;-78.85
Cajamarca;San Miguel;Catilluc;061104;Catilluc;Pueblo;2869.9;2543;-6.80166667;-78.77916667
Cajamarca;San Miguel;El Prado;061105;El Prado;Pueblo;2856.9;1510;-7.03361111;-79.01083333
Cajamarca;San Miguel;La Florida;061106;La Florida;Pueblo;993.0;1986;-6.86861111;-79.12583333
Cajamarca;San Miguel;Llapa;061107;Llapa;Pueblo;2951.9;4123;-6.98083333;-78.8075
Cajamarca;San Miguel;Nanchoc;061108;Nanchoc;Pueblo;402.3;1352;-6.95944444;-79.2425
Cajamarca;San Miguel;Niepos;061109;Niepos;Pueblo;2456.7;2731;-6.92666667;-79.13
Cajamarca;San Miguel;San Gregorio;061110;San Gregorio;Pueblo;1856.8;2159;-7.05694444;-79.09527778
Cajamarca;San Miguel;San Silvestre de Cochán;061111;San Silvestre de Cochán;Pueblo;2939.7;3262;-6.9775;-78.77388889
Cajamarca;San Miguel;Tongod;061112;Tongod;Pueblo;2627.9;1884;-6.7575;-78.825
Cajamarca;San Miguel;Unión Agua Blanca;061113;Agua Blanca;Pueblo;2917.8;2845;-7.04666667;-79.06055556
Cajamarca;San Pablo;San Pablo;061201;San Pablo;Villa;2390.8;12877;-7.11861111;-78.82333333
Cajamarca;San Pablo;San Bernardino;061202;San Bernardino;Pueblo;1375.1;4318;-7.16805556;-78.82916667
Cajamarca;San Pablo;San Luis;061203;San Luis Grande;Pueblo;1393.9;747;-7.15694444;-78.86805556
Cajamarca;San Pablo;Tumbadén;061204;Tumbadén;Pueblo;3041.2;3519;-7.02527778;-78.73972222
Cajamarca;Santa Cruz;Santa Cruz;061301;Santa Cruz de Succhabamba;Ciudad;2036.2;9325;-6.62583333;-78.94416667
Cajamarca;Santa Cruz;Andabamba;061302;Andabamba;Pueblo;2549.9;1140;-6.66277778;-78.81694444
Cajamarca;Santa Cruz;Catache;061303;Catache;Pueblo;1362.7;9729;-6.67361111;-79.03277778
Cajamarca;Santa Cruz;Chancaybaños;061304;Chancaybaños;Pueblo;1641.0;3214;-6.57611111;-78.8675
Cajamarca;Santa Cruz;La Esperanza;061305;La Esperanza;Pueblo;1727.3;2108;-6.5925;-78.89583333
Cajamarca;Ninabamba;Ninabamba;061306;Ninabamba;Pueblo;2195.7;1653;-6.64972222;-78.7875
Cajamarca;Santa Cruz;Pulán;061307;Pulán;Pueblo;2083.6;3456;-6.73888889;-78.92027778
Cajamarca;Santa Cruz;Saucepampa;061308;Saucepampa;Pueblo;1930.8;1178;-6.69138889;-78.91611111
Cajamarca;Santa Cruz;Sexi;061309;Sexi;Pueblo;2477.5;403;-6.56416667;-79.05138889
Cajamarca;Santa Cruz;Uticyacu;061310;Uticyacu;Pueblo;2346.2;1092;-6.60666667;-78.79388889
Cajamarca;Santa Cruz;Yauyucán;061311;Yauyucán;Pueblo;2501.9;2603;-6.67722222;-78.81861111
Callao;Callao;Callao;070101;Callao;Ciudad;26.578;549626;-12.06305556;-77.14694444
Callao;Callao;Bellavista;070102;Bellavista;Pueblo;13.0;82009;-12.0625;-77.12916667
Callao;Callao;Carmen de La Legua Reynoso;070103;Carmen de La Legua Reynoso;Ciudad;82.3;47783;-12.03944444;-77.09027778
Callao;Callao;La Perla;070104;La Perla;Ciudad;37.0;64945;-12.06583333;-77.10805556
Callao;Callao;La Punta;070105;La Punta;Pueblo;28.74;3732;-12.07277778;-77.16333333
Callao;Callao;Ventanilla;070106;Ventanilla;Ciudad;43.25;422286;-11.87722222;-77.12777778
Callao;Callao;Mi Perú;070107;Mi Perú;Ciudad;117.57;58030;-11.855;-77.125
Cusco;Cusco;Cusco;080101;Cusco;Ciudad;3439.0;119732;-13.51916667;-71.97666667
Cusco;Cusco;Ccorca;080102;Ccorca;Pueblo;3674.7;2416;-13.58472222;-72.05916667
Cusco;Cusco;Poroy;080103;Poroy;Pueblo;3508.1;14777;-13.49444444;-72.04472222
Cusco;Cusco;San Jerónimo;080104;San Jerónimo;Pueblo;3288.7;81475;-13.54444444;-71.88361111
Cusco;Cusco;San Sebastián;080105;San Sebastián;Pueblo;3301.0;149718;-13.53027778;-71.93694444
Cusco;Cusco;Santiago;080106;Santiago;Ciudad;3463.7;108170;-13.52583333;-71.98305556
Cusco;Cusco;Saylla;080107;Saylla;Pueblo;3179.0;10034;-13.57;-71.82777778
Cusco;Cusco;Wanchaq;080108;Wanchaq;Ciudad;3423.8;61650;-13.52138889;-71.96666667
Cusco;Acomayo;Acomayo;080201;Acomayo;Villa;3235.3;4479;-13.91944444;-71.68361111
Cusco;Acomayo;Acopia;080202;Acopia;Pueblo;3723.7;3153;-14.0575;-71.49333333
Cusco;Acomayo;Acos;080203;Acos;Pueblo;3105.5;2319;-13.95111111;-71.73805556
Cusco;Acomayo;Mosoc Llacta;080204;Mosoc Llacta;Pueblo;3820.0;940;-14.12027778;-71.47305556
Cusco;Acomayo;Pomacanchi;080205;Pomacanchi;Pueblo;3708.5;7479;-14.03361111;-71.57416667
Cusco;Acomayo;Rondocán;080206;Rondocán;Pueblo;3393.5;1743;-13.77944444;-71.78194444
Cusco;Acomayo;Sangarara;080207;Sangarara;Pueblo;3788.1;3343;-13.94722222;-71.60333333
Cusco;Anta;Anta;080301;Anta;Pueblo;3363.0;27628;-13.45777778;-72.1475
Cusco;Anta;Ancahuasi;080302;Ancahuasi;Pueblo;3479.2;7943;-13.45722222;-72.30083333
Cusco;Anta;Cachimayo;080303;Cachimayo;Pueblo;3453.6;2909;-13.47777778;-72.06888889
Cusco;Anta;Chinchaypujio;080304;Chinchaypujio;Pueblo;3106.4;4244;-13.62972222;-72.23305556
Cusco;Anta;Huarocondo;080305;Huarocondo;Pueblo;3353.1;4409;-13.41583333;-72.2075
Cusco;Anta;Limatambo;080306;Limatambo;Pueblo;2632.9;7468;-13.47972222;-72.44277778
Cusco;Anta;Mollepata;080307;Mollepata;Pueblo;2863.6;3617;-13.50916667;-72.52777778
Cusco;Anta;Pucyura;080308;Pucyura;Pueblo;3384.3;3084;-13.47888889;-72.11111111
Cusco;Anta;Zurite;080309;Zurite;Pueblo;3424.1;3768;-13.45583333;-72.25583333
Cusco;Calca;Calca;080401;Calca;Ciudad;2955.2;24188;-13.32111111;-71.95555556
Cusco;Calca;Coya;080402;Coya;Pueblo;2969.9;3599;-13.38638889;-71.89833333
Cusco;Calca;Lamay;080403;Lamay;Pueblo;2959.9;6046;-13.36444444;-71.92083333
Cusco;Calca;Lares;080404;Lares;Pueblo;3193.4;6205;-13.10416667;-72.04472222
Cusco;Calca;Pisac;080405;Pisac;Pueblo;2986.0;11997;-13.42055556;-71.85055556
Cusco;Calca;San Salvador;080406;San Salvador;Pueblo;3011.5;6308;-13.49194444;-71.77861111
Cusco;Calca;Taray;080407;Taray;Pueblo;2991.1;4969;-13.42777778;-71.86694444
Cusco;Calca;Yanatile;080408;Quebrada Honda;Pueblo;1147.7;9085;-12.68166667;-72.27722222
Cusco;Canas;Yanaoca;080501;Yanaoca;Villa;3925.0;9226;-14.21666667;-71.43222222
Cusco;Canas;Checca;080502;Checca;Pueblo;3833.5;5412;-14.47333333;-71.39472222
Cusco;Canas;Kunturkanki;080503;El Descanso;Pueblo;3960.9;5139;-14.53472222;-71.30694444
Cusco;Canas;Langui;080504;Langui;Pueblo;3967.4;2014;-14.43222222;-71.27277778
Cusco;Canas;Layo;080505;Layo;Pueblo;3996.8;5441;-14.49416667;-71.15555556
Cusco;Canas;Pampamarca;080506;Pampamarca;Pueblo;3819.6;1865;-14.1475;-71.46027778
Cusco;Canas;Quehue;080507;Quehue;Pueblo;3793.6;2556;-14.38027778;-71.45555556
Cusco;Canas;Túpac Amaru;080508;Tungasuca;Pueblo;3809.1;2565;-14.16388889;-71.47611111
Cusco;Canchis;Sicuani;080601;Sicuani;Ciudad;3593.3;66264;-14.23805556;-71.23083333
Cusco;Canchis;Checacupe;080602;Checacupe;Pueblo;3459.1;5263;-14.02527778;-71.45388889
Cusco;Canchis;Combapata;080603;Combapata;Pueblo;3499.7;4972;-14.10194444;-71.43
Cusco;Canchis;Marangani;080604;Marangani;Pueblo;3719.9;10207;-14.35666667;-71.16861111
Cusco;Canchis;Pitumarca;080605;Pitumarca;Pueblo;3587.0;8605;-13.98027778;-71.4175
Cusco;Canchis;San Pablo;080606;San Pablo;Villa;3500.9;4349;-14.20222222;-71.315
Cusco;Canchis;San Pedro;080607;San Pedro;Pueblo;3515.2;2759;-14.18611111;-71.34305556
Cusco;Canchis;Tinta;080608;Tinta;Villa;3496.0;5436;-14.14527778;-71.40722222
Cusco;Chumbivilcas;Santo Tomás;080701;Santo Tomás;Villa;3675.9;22541;-14.45333333;-72.08222222
Cusco;Chumbivilcas;Capacmarca;080702;Capacmarca;Pueblo;3563.2;4037;-14.00722222;-72.0025
Cusco;Chumbivilcas;Chamaca;080703;Chamaca;Pueblo;3778.8;6288;-14.3025;-71.85222222
Cusco;Chumbivilcas;Colquemarca;080704;Colquemarca;Villa;3606.0;6831;-14.28527778;-72.04
Cusco;Chumbivilcas;Livitaca;080705;Livitaca;Pueblo;3774.2;13121;-14.31277778;-71.68972222
Cusco;Chumbivilcas;Llusco;080706;Llusco;Pueblo;3521.9;3964;-14.3375;-72.11361111
Cusco;Chumbivilcas;Quiñota;080707;Quiñota;Pueblo;3607.2;3964;-14.31111111;-72.13861111
Cusco;Chumbivilcas;Velille;080708;Velille;Villa;3765.5;8649;-14.50861111;-71.88111111
Cusco;Espinar;Espinar;080801;Yauri;Villa;3975.5;41945;-14.79305556;-71.41333333
Cusco;Espinar;Condoroma;080802;Condoroma;Pueblo;4679.4;800;-15.30055556;-71.13833333
Cusco;Espinar;Coporaque;080803;Coporaque;Pueblo;3970.1;7992;-14.80027778;-71.53166667
Cusco;Espinar;Ocoruro;080804;Ocoruro;Pueblo;4104.3;846;-15.05194444;-71.12916667
Cusco;Espinar;Pallpata;080805;Hector Tejada;Pueblo;4027.1;5021;-14.89027778;-71.21
Cusco;Espinar;Pichigua;080806;Pichigua;Pueblo;3902.2;2565;-14.67805556;-71.40638889
Cusco;Espinar;Suyckutambo;080807;Suyckutambo;Pueblo;4123.8;1258;-15.00861111;-71.64333333
Cusco;Espinar;Alto Pichigua;080808;Accocunca;Villa;3998.6;1842;-14.77694444;-71.25083333
Cusco;La Convención;Santa Ana;080901;Quillabamba;Ciudad;1086.0;28908;-12.86277778;-72.69333333
Cusco;La Convención;Echarate;080902;Echarate;Pueblo;1059.3;17150;-12.76805556;-72.57611111
Cusco;La Convención;Huayopata;080903;Ipal;Pueblo;1596.5;5378;-13.00472222;-72.55444444
Cusco;La Convención;Maranura;080904;Maranura;Pueblo;1140.5;4764;-12.96277778;-72.66472222
Cusco;La Convención;Ocobamba;080905;Ocobamba;Pueblo;1478.5;5778;-12.87166667;-72.44722222
Cusco;La Convención;Quellouno;080906;Quellouno;Pueblo;784.1;15053;-12.63666667;-72.55722222
Cusco;La Convención;Kimbiri;080907;Kimbiri;Pueblo;589.9;14360;-12.62;-73.78916667
Cusco;La Convención;Santa Teresa;080908;Santa Teresa;Pueblo;1571.9;6894;-13.13055556;-72.59388889
Cusco;La Convención;Vilcabamba;080909;Lucma;Pueblo;2656.3;9822;-13.06305556;-72.93444444
Cusco;La Convención;Pichari;080910;Pichari;Pueblo;596.0;25560;-12.51944444;-73.82916667
Cusco;La Convención;Inkawasi;080911;Amaybamba;Pueblo;1770.5;5249;-13.29;-73.26555556
Cusco;La Convención;Villa Virgen;080912;Villa Virgen;Pueblo;742.2;2501;-13.00277778;-73.51277778
Cusco;La Convención;Villa Kintiarina;080913;Villa Kintiarina;Pueblo;703.7;2442;-12.91888889;-73.52833333
Cusco;La Convención;Megantoni;080914;Camisea;Pueblo;355.0;7335;-11.72027778;-72.94638889
Cusco;La Convención;Kumpirushiato;080915;Kepashiato;Pueblo;671.0;5567;-12.63666667;-73.20416667
Cusco;La Convención;Cielo Punco;080916;Chirumpiari;Pueblo;662.0;2312;-12.80805556;-73.60444444
Cusco;La Convención;Manitea;080917;Tawantinsuyo;Pueblo;656.0;3704;-12.7925;-73.6225
Cusco;La Convención;Unión Ashaninka;080918;Mantaro;Pueblo;529.0;6243;-12.32416667;-73.94
Cusco;Paruro;Paruro;081001;Paruro;Villa;3085.6;3481;-13.76166667;-71.84777778
Cusco;Paruro;Accha;081002;Accha;Villa;3600.6;3000;-13.97111111;-71.83138889
Cusco;Paruro;Ccapi;081003;Ccapi;Villa;3227.1;2995;-13.85305556;-72.0825
Cusco;Paruro;Colcha;081004;Colcha;Pueblo;2826.6;884;-13.85194444;-71.80333333
Cusco;Paruro;Huanoquite;081005;Huanoquite;Pueblo;3391.3;4999;-13.68194444;-72.01805556
Cusco;Paruro;Omacha;081006;Omacha;Pueblo;3887.1;5734;-14.06944444;-71.73805556
Cusco;Paruro;Paccaritambo;081007;Paccaritambo;Pueblo;3602.1;2033;-13.75638889;-71.95666667
Cusco;Paruro;Pillpinto;081008;Pillpinto;Pueblo;2869.3;984;-13.95361111;-71.76055556
Cusco;Paruro;Yaurisque;081009;Yaurisque;Villa;3324.1;1818;-13.66527778;-71.92055556
Cusco;Paucartambo;Paucartambo;081101;Paucartambo;Pueblo;2917.0;13867;-13.31777778;-71.59666667
Cusco;Paucartambo;Caicay;081102;Caicay;Pueblo;3128.3;3210;-13.59722222;-71.69666667
Cusco;Paucartambo;Challabamba;081103;Challabamba;Pueblo;2845.2;9337;-13.215;-71.64861111
Cusco;Paucartambo;Colquepata;081104;Colquepata;Pueblo;3690.0;8795;-13.36027778;-71.67361111
Cusco;Paucartambo;Huancarani;081105;Huancarani;Pueblo;3870.5;8055;-13.50333333;-71.65444444
Cusco;Paucartambo;Kosñipata;081106;Pillcopata;Pueblo;544.0;4945;-12.90944444;-71.40333333
Cusco;Quispicanchi;Urcos;081201;Urcos;Pueblo;3178.9;12774;-13.68777778;-71.62527778
Cusco;Quispicanchi;Andahuaylillas;081202;Andahuaylillas;Pueblo;3138.9;7637;-13.67333333;-71.67777778
Cusco;Quispicanchi;Camanti;081203;Quince Mil;Pueblo;646.7;2727;-13.23138889;-70.75444444
Cusco;Quispicanchi;Ccarhuayo;081204;Ccarhuayo;Pueblo;3481.0;3211;-13.59527778;-71.39972222
Cusco;Quispicanchi;Ccatca;081205;Ccatca;Pueblo;3713.6;15207;-13.60527778;-71.56361111
Cusco;Quispicanchi;Cusipata;081206;Cusipata;Pueblo;3331.7;4627;-13.90694444;-71.5025
Cusco;Quispicanchi;Huaro;081207;Huaro;Pueblo;3167.7;5091;-13.69027778;-71.64027778
Cusco;Quispicanchi;Lucre;081208;Lucre;Pueblo;3117.0;5669;-13.63388889;-71.73666667
Cusco;Quispicanchi;Marcapata;081209;Marcapata;Pueblo;3111.2;5029;-13.59166667;-70.975
Cusco;Quispicanchi;Ocongate;081210;Ocongate;Pueblo;3549.0;19609;-13.62666667;-71.38833333
Cusco;Quispicanchi;Oropesa;081211;Oropesa;Pueblo;3139.2;13087;-13.59444444;-71.76305556
Cusco;Quispicanchi;Quiquijana;081212;Quiquijana;Pueblo;3211.4;12176;-13.8225;-71.5425
Cusco;Urubamba;Urubamba;081301;Urubamba;Ciudad;2885.1;25516;-13.30555556;-72.11611111
Cusco;Urubamba;Chinchero;081302;Chinchero;Pueblo;3758.8;13115;-13.39194444;-72.04888889
Cusco;Urubamba;Huayllabamba;081303;Huayllabamba;Pueblo;2890.0;6639;-13.33805556;-72.065
Cusco;Urubamba;Machupicchu;081304;Machupicchu;Pueblo;2092.1;5782;-13.15416667;-72.52555556
Cusco;Urubamba;Maras;081305;Maras;Pueblo;3380.9;6865;-13.3325;-72.15638889
Cusco;Urubamba;Ollantaytambo;081306;Ollantaytambo;Pueblo;2871.1;12154;-13.25888889;-72.26333333
Cusco;Urubamba;Yucay;081307;Yucay;Pueblo;2878.4;3461;-13.32166667;-72.08388889
Huancavelica;Huancavelica;Huancavelica;090101;Huancavelica;Ciudad;3746.4;43556;-12.78694444;-74.97138889
Huancavelica;Huancavelica;Acobambilla;090102;Acobambilla;Pueblo;3839.4;1379;-12.66444444;-75.32416667
Huancavelica;Huancavelica;Acoria;090103;Acoria;Pueblo;3207.1;12668;-12.6425;-74.86166667
Huancavelica;Huancavelica;Conayca;090104;Conayca;Pueblo;3709.1;725;-12.52;-75.00666667
Huancavelica;Huancavelica;Cuenca;090105;Cuenca;Pueblo;3186.0;826;-12.43305556;-75.03888889
Huancavelica;Huancavelica;Huachocolpa;090106;Huachocolpa;Pueblo;4020.2;1436;-13.03194444;-74.94694444
Huancavelica;Huancavelica;Huayllahuara;090107;Huayllahuara;Pueblo;3900.6;592;-12.40916667;-75.17833333
Huancavelica;Huancavelica;Izcuchaca;090108;Izcuchaca;Pueblo;2930.0;912;-12.5;-74.99777778
Huancavelica;Huancavelica;Laria;090109;Laria;Pueblo;3893.4;583;-12.56111111;-75.03694444
Huancavelica;Huancavelica;Manta;090110;Manta;Pueblo;3735.1;718;-12.62055556;-75.21111111
Huancavelica;Huancavelica;Mariscal Cáceres;090111;Mariscal Cáceres;Pueblo;2852.3;415;-12.53444444;-74.9325
Huancavelica;Huancavelica;Moya;090112;Moya;Pueblo;3148.0;641;-12.42333333;-75.15388889
Huancavelica;Huancavelica;Nuevo Occoro;090113;Occoro;Pueblo;3938.9;1457;-12.595;-75.01972222
Huancavelica;Huancavelica;Palca;090114;Palca;Pueblo;3714.4;1461;-12.65694444;-74.98027778
Huancavelica;Huancavelica;Pilchaca;090115;Pilchaca;Pueblo;3604.3;490;-12.40138889;-75.08388889
Huancavelica;Huancavelica;Vilca;090116;Vilca;Pueblo;3279.7;1447;-12.47722222;-75.18333333
Huancavelica;Huancavelica;Yauli;090117;Yauli;Pueblo;3424.4;16817;-12.76916667;-74.85083333
Huancavelica;Huancavelica;Ascensión;090118;Ascensión;Villa;3711.4;22094;-12.78527778;-74.97694444
Huancavelica;Huancavelica;Huando;090119;Huando;Pueblo;3609.7;5839;-12.56416667;-74.94777778
Huancavelica;Acobamba;Acobamba;090201;Acobamba;Ciudad;3449.1;8758;-12.84305556;-74.56916667
Huancavelica;Acobamba;Andabamba;090202;Andabamba;Pueblo;3498.5;2538;-12.69361111;-74.62333333
Huancavelica;Acobamba;Anta;090203;Anta;Pueblo;3618.0;3321;-12.81222222;-74.63833333
Huancavelica;Acobamba;Caja;090204;Caja;Pueblo;3382.7;1402;-12.91722222;-74.46583333
Huancavelica;Acobamba;Marcas;090205;Marcas;Pueblo;3410.7;1205;-12.89027778;-74.39805556
Huancavelica;Acobamba;Paucara;090206;Paucara;Pueblo;3833.2;5714;-12.72972222;-74.66638889
Huancavelica;Acobamba;Pomacocha;090207;Pomacocha;Pueblo;3155.5;2314;-12.87388889;-74.53166667
Huancavelica;Acobamba;Rosario;090208;Rosario;Pueblo;3687.3;4077;-12.72083333;-74.5825
Huancavelica;Angaraes;Lircay;090301;Lircay;Ciudad;3344.5;24509;-12.98277778;-74.71833333
Huancavelica;Angaraes;Anchonga;090302;Anchonga;Pueblo;3310.3;7155;-12.91305556;-74.69138889
Huancavelica;Angaraes;Callanmarca;090303;Callanmarca;Pueblo;3552.9;468;-12.86666667;-74.62333333
Huancavelica;Angaraes;Ccochaccasa;090304;Ccochaccasa;Pueblo;4190.1;2767;-12.92527778;-74.77027778
Huancavelica;Angaraes;Chincho;090305;Chincho;Pueblo;3141.3;770;-12.97277778;-74.36722222
Huancavelica;Angaraes;Congalla;090306;Congalla;Pueblo;3536.7;3226;-12.95583333;-74.49222222
Huancavelica;Angaraes;Huanca-Huanca;090307;Huanca-Huanca;Pueblo;3590.1;1162;-12.91861111;-74.61
Huancavelica;Angaraes;Huayllay Grande;090308;Huayllay Grande;Pueblo;3621.9;733;-12.94277778;-74.70166667
Huancavelica;Angaraes;Julcamarca;090309;Julcamarca;Villa;3431.4;1805;-13.01472222;-74.44444444
Huancavelica;Angaraes;San Antonio de Antaparco;090310;Antaparco;Pueblo;2767.1;1957;-13.07611111;-74.41166667
Huancavelica;Angaraes;Santo Tomás de Pata;090311;Santo Tomás de Pata;Pueblo;3150.4;1238;-13.11305556;-74.41888889
Huancavelica;Angaraes;Secclla;090312;Secclla;Pueblo;3362.6;2914;-13.05111111;-74.48361111
Huancavelica;Castrovirreyna;Castrovirreyna;090401;Castrovirreyna;Ciudad;3988.8;2912;-13.28333333;-75.31833333
Huancavelica;Castrovirreyna;Arma;090402;Arma;Villa;3361.2;778;-13.12638889;-75.54194444
Huancavelica;Castrovirreyna;Aurahua;090403;Aurahua;Pueblo;3483.3;1238;-13.03472222;-75.57027778
Huancavelica;Castrovirreyna;Capillas;090404;Capillas;Pueblo;3223.5;734;-13.29305556;-75.5425
Huancavelica;Castrovirreyna;Chupamarca;090405;Chupamarca;Pueblo;3432.8;824;-13.03722222;-75.60833333
Huancavelica;Castrovirreyna;Cocas;090406;Cocas;Pueblo;3253.2;634;-13.27583333;-75.37277778
Huancavelica;Castrovirreyna;Huachos;090407;Huachos;Villa;2783.6;634;-13.21972222;-75.53388889
Huancavelica;Castrovirreyna;Huamatambo;090408;Huamatambo;Pueblo;3058.3;388;-13.09444444;-75.67722222
Huancavelica;Castrovirreyna;Mollepampa;090409;Mollepampa;Pueblo;2500.2;1032;-13.31138889;-75.41
Huancavelica;Castrovirreyna;San Juan;090410;San Juan;Pueblo;1936.0;793;-13.20388889;-75.63444444
Huancavelica;Castrovirreyna;Santa Ana;090411;Santa Ana;Pueblo;4518.1;607;-13.07194444;-75.14027778
Huancavelica;Castrovirreyna;Tantara;090412;Tantara;Pueblo;2898.5;626;-13.07416667;-75.64472222
Huancavelica;Castrovirreyna;Ticrapo;090413;Ticrapo;Pueblo;2140.4;1408;-13.3825;-75.4325
Huancavelica;Churcampa;Churcampa;090501;Churcampa;Ciudad;3294.9;5161;-12.73916667;-74.38722222
Huancavelica;Churcampa;Anco;090502;La Esmeralda;Pueblo;2462.7;5365;-12.6825;-74.58722222
Huancavelica;Churcampa;Chinchihuasi;090503;Chinchihuasi;Pueblo;2803.4;1379;-12.51694444;-74.54583333
Huancavelica;Churcampa;El Carmen;090504;Paucarbambilla;Pueblo;3151.9;2236;-12.72694444;-74.48083333
Huancavelica;Churcampa;La Merced;090505;La Merced;Pueblo;2682.9;1195;-12.78805556;-74.35861111
Huancavelica;Churcampa;Locroja;090506;Locroja;Pueblo;3417.0;2978;-12.74027778;-74.44194444
Huancavelica;Churcampa;Paucarbamba;090507;Paucarbamba;Villa;3382.4;3360;-12.55388889;-74.53194444
Huancavelica;Churcampa;San Miguel de Mayocc;090508;Mayocc;Pueblo;2228.1;618;-12.80583333;-74.39
Huancavelica;Churcampa;San Pedro de Coris;090509;San Pedro de Coris;Pueblo;3580.3;3057;-12.57805556;-74.41166667
Huancavelica;Churcampa;Pachamarca;090510;Pachamarca;Pueblo;2791.7;1499;-12.51555556;-74.52666667
Huancavelica;Churcampa;Cosme;090511;Santa Clara de Cosme;Pueblo;3485.6;2538;-12.57333333;-74.65833333
Huancavelica;Huaytará;Huaytará;090601;Huaytara;Ciudad;2732.3;2293;-13.60472222;-75.35305556
Huancavelica;Huaytará;Ayavi;090602;Ayavi;Pueblo;3814.9;789;-13.70305556;-75.35111111
Huancavelica;Huaytará;Córdova;090603;Córdova;Villa;3242.0;613;-14.04083333;-75.185
Huancavelica;Huaytará;Huayacundo Arma;090604;Huayacundo Arma;Pueblo;3115.5;498;-13.53416667;-75.31444444
Huancavelica;Huaytará;Laramarca;090605;Laramarca;Pueblo;3406.7;749;-13.94861111;-75.03555556
Huancavelica;Huaytará;Ocoyo;090606;Ocoyo;Pueblo;1933.2;476;-14.00805556;-75.0225
Huancavelica;Huaytará;Pilpichaca;090607;Pilpichaca;Pueblo;4089.7;2336;-13.33027778;-74.97722222
Huancavelica;Huaytará;Querco;090608;Querco;Pueblo;2903.0;1359;-13.97944444;-74.97694444
Huancavelica;Huaytará;Quito-Arma;090609;Quito-Arma;Pueblo;2943.7;603;-13.52861111;-75.3275
Huancavelica;Huaytará;San Antonio de Cusicancha;090610;Cusicancha;Pueblo;3291.3;1241;-13.5025;-75.29333333
Huancavelica;Huaytará;San Francisco de Sangayaico;090611;San Francisco de Sangayaico;Pueblo;3419.6;1090;-13.79527778;-75.24916667
Huancavelica;Huaytará;San Isidro;090612;San Juan de Huirpacancha;Pueblo;3656.0;1101;-13.95638889;-75.23805556
Huancavelica;Huaytará;Santiago de Chocorvos;090613;Santiago de Chocorvos;Pueblo;2637.8;1053;-13.82527778;-75.2575
Huancavelica;Huaytará;Santiago de Quirahuara;090614;Santiago de Quirahuara;Pueblo;2801.1;241;-14.05611111;-74.97638889
Huancavelica;Huaytará;Santo Domingo de Capillas;090615;Santo Domingo de Capillas;Pueblo;3481.9;612;-13.73722222;-75.24361111
Huancavelica;Huaytará;Tambo;090616;Tambo;Pueblo;3201.3;940;-13.68944444;-75.275
Huancavelica;Tayacaja;Pampas;090701;Pampas;Ciudad;3281.7;11670;-12.39916667;-74.86833333
Huancavelica;Tayacaja;Acostambo;090702;Acostambo;Pueblo;3627.7;2842;-12.36555556;-75.055
Huancavelica;Tayacaja;Acraquia;090703;Acraquia;Pueblo;3281.3;2897;-12.40638889;-74.90111111
Huancavelica;Tayacaja;Ahuaycha;090704;Ahuaycha;Pueblo;3278.8;3396;-12.40777778;-74.89111111
Huancavelica;Tayacaja;Colcabamba;090705;Colcabamba;Villa;2953.0;10899;-12.40916667;-74.67944444
Huancavelica;Tayacaja;Daniel Hernández;090706;Mariscal Caceres;Pueblo;3287.6;10084;-12.38944444;-74.85916667
Huancavelica;Tayacaja;Huachocolpa;090707;Huachocolpa;Pueblo;2912.9;2162;-12.04833333;-74.59472222
Huancavelica;Tayacaja;Huaribamba;090709;Huaribamba;Pueblo;3018.7;2535;-12.27972222;-74.93833333
Huancavelica;Tayacaja;Ñahuimpuquio;090710;Ñahuimpuquio;Pueblo;3650.8;1206;-12.32916667;-75.06944444
Huancavelica;Tayacaja;Pazos;090711;Pazos;Pueblo;3819.8;4266;-12.25944444;-75.07055556
Huancavelica;Tayacaja;Quishuar;090713;Quishuar;Pueblo;3137.4;654;-12.24361111;-74.77722222
Huancavelica;Tayacaja;Salcabamba;090714;Salcabamba;Pueblo;3063.4;3453;-12.20166667;-74.78055556
Huancavelica;Tayacaja;Salcahuasi;090715;Salcahuasi;Pueblo;3196.0;2275;-12.10416667;-74.75166667
Huancavelica;Tayacaja;San Marcos de Rocchac;090716;San Marcos de Rocchac;Pueblo;3205.6;1364;-12.09388889;-74.86388889
Huancavelica;Tayacaja;Surcubamba;090717;Surcubamba;Pueblo;2625.8;3776;-12.11638889;-74.63055556
Huancavelica;Tayacaja;Tintay Puncu;090718;Tintay;Villa;2409.9;1265;-12.15194444;-74.54444444
Huancavelica;Tayacaja;Quichuas;090719;Quichuas;Pueblo;2705.8;4012;-12.4725;-74.7675
Huancavelica;Tayacaja;Andaymarca;090720;Andaymarca;Pueblo;2896.3;2689;-12.31527778;-74.63527778
Huancavelica;Tayacaja;Roble;090721;Puerto San Antonio;Pueblo;2640.1;869;-12.21666667;-74.48972222
Huancavelica;Tayacaja;Pichos;090722;Pichos;Pueblo;3296.9;1433;-12.23638889;-74.93861111
Huancavelica;Tayacaja;Santiago de Tucuma;090723;Santiago de Tucuma;Pueblo;3537.8;1367;-12.31416667;-74.89
Huancavelica;Tayacaja;Lambras;090724;Santa María;Pueblo;2575.0;1455;-12.06638889;-74.62611111
Huancavelica;Tayacaja;Cochabamba;090725;Cochabamba Grande;Pueblo;2684.0;794;-12.19333333;-74.51472222
Huánuco;Huánuco;Huánuco;100101;Huánuco;Ciudad;1921.1;98752;-9.93;-76.23972222
Huánuco;Huánuco;Amarilis;100102;Paucarbamba;Ciudad;1949.7;93101;-9.94;-76.24055556
Huánuco;Huánuco;Chinchao;100103;Acomayo;Pueblo;2122.3;12478;-9.80166667;-76.07083333
Huánuco;Huánuco;Churubamba;100104;Churubamba;Pueblo;1954.0;11948;-9.82611111;-76.13388889
Huánuco;Huánuco;Margos;100105;Margos;Ciudad;3555.1;3380;-10.00527778;-76.52333333
Huánuco;Huánuco;Quisqui;100106;Huancapallac;Pueblo;2426.7;2575;-9.90472222;-76.3925
Huánuco;Huánuco;San Francisco de Cayrán;100107;Cayrán;Pueblo;2247.3;4617;-9.98083333;-76.28416667
Huánuco;Huánuco;San Pedro de Chaulan;100108;Chaulan;Pueblo;3587.4;2310;-10.05638889;-76.48555556
Huánuco;Huánuco;Santa María del Valle;100109;Santa María del Valle;Pueblo;1938.9;22439;-9.8625;-76.17
Huánuco;Huánuco;Yarumayo;100110;Yarumayo;Pueblo;3055.1;1563;-10.00444444;-76.46861111
Huánuco;Huánuco;Pillco Marca;100111;Cayhuayna;Villa;1995.9;58621;-9.96083333;-76.24916667
Huánuco;Huánuco;Yacus;100112;Yacus;Pueblo;3243.4;4483;-9.98611111;-76.50583333
Huánuco;Huánuco;San Pablo de Pillao;100113;San Pablo de Pillao;Pueblo;2953.9;7436;-9.78638889;-75.99944444
Huánuco;Ambo;Ambo;100201;Ambo;Ciudad;2105.7;24840;-10.12916667;-76.20444444
Huánuco;Ambo;Cayna;100202;Cayna;Pueblo;3332.0;1893;-10.2725;-76.38833333
Huánuco;Ambo;Colpas;100203;Colpas;Pueblo;2739.6;1270;-10.26833333;-76.41527778
Huánuco;Ambo;Conchamarca;100204;Conchamarca;Pueblo;2185.1;3706;-10.03583333;-76.21694444
Huánuco;Ambo;Huacar;100205;Huacar;Pueblo;2156.7;7659;-10.15944444;-76.23666667
Huánuco;Ambo;San Francisco;100206;Mosca;Pueblo;3521.4;977;-10.34277778;-76.29194444
Huánuco;Ambo;San Rafael;100207;San Rafael;Pueblo;2720.0;7385;-10.33777778;-76.18222222
Huánuco;Ambo;Tomay Kichwa;100208;Tomay Kichwa;Pueblo;2049.3;2814;-10.0775;-76.2125
Huánuco;Dos de Mayo;La Unión;100301;La Unión;Ciudad;3274.9;7114;-9.83777778;-76.80361111
Huánuco;Dos de Mayo;Chuquis;100307;Chuquis;Villa;3375.1;2402;-9.67638889;-76.70527778
Huánuco;Dos de Mayo;Marías;100311;Marías;Pueblo;3507.8;4568;-9.6075;-76.70666667
Huánuco;Dos de Mayo;Pachas;100313;Pachas;Ciudad;3474.2;3215;-9.70666667;-76.77111111
Huánuco;Dos de Mayo;Quivilla;100316;Quivilla;Pueblo;2971.6;792;-9.6;-76.72583333
Huánuco;Dos de Mayo;Ripan;100317;Ripan;Pueblo;3233.3;4628;-9.82861111;-76.80305556
Huánuco;Dos de Mayo;Shunqui;100321;Shunqui;Pueblo;3542.2;1210;-9.73111111;-76.78333333
Huánuco;Dos de Mayo;Sillapata;100322;Sillapata;Pueblo;3458.8;1249;-9.75722222;-76.77472222
Huánuco;Dos de Mayo;Yanas;100323;Yanas;Pueblo;3476.6;1787;-9.71444444;-76.75027778
Huánuco;Huacaybamba;Huacaybamba;100401;Huacaybamba;Villa;3176.0;5253;-9.03805556;-76.9525
Huánuco;Huacaybamba;Canchabamba;100402;Canchabamba;Pueblo;3208.3;2505;-8.88472222;-77.12305556
Huánuco;Huacaybamba;Cochabamba;100403;Cochabamba;Pueblo;3292.5;1081;-9.09527778;-76.83638889
Huánuco;Huacaybamba;Pinra;100404;Pinra;Pueblo;2874.4;5636;-8.92472222;-77.015
Huánuco;Huamalíes;Llata;100501;Llata;Ciudad;3489.1;12980;-9.54972222;-76.81861111
Huánuco;Huamalíes;Arancay;100502;Arancay;Villa;3066.1;1109;-9.17138889;-76.75138889
Huánuco;Huamalíes;Chavín de Pariarca;100503;Chavín de Pariarca;Pueblo;3382.0;3508;-9.42305556;-76.77138889
Huánuco;Huamalíes;Jacas Grande;100504;Jacas Grande;Pueblo;3625.1;5409;-9.54;-76.73666667
Huánuco;Huamalíes;Jircan;100505;Jircan;Pueblo;3211.1;858;-9.24694444;-76.71916667
Huánuco;Huamalíes;Miraflores;100506;Miraflores;Pueblo;3687.5;2836;-9.49388889;-76.81861111
Huánuco;Huamalíes;Monzón;100507;Monzón;Pueblo;981.9;9568;-9.28;-76.39666667
Huánuco;Huamalíes;Punchao;100508;Punchao;Villa;3559.9;1751;-9.46222222;-76.81972222
Huánuco;Huamalíes;Puños;100509;Puños;Ciudad;3749.1;3722;-9.50055556;-76.88388889
Huánuco;Huamalíes;Singa;100510;Singa;Villa;3648.6;2574;-9.38861111;-76.8125
Huánuco;Huamalíes;Tantamayo;100511;Tantamayo;Pueblo;3517.1;1284;-9.3925;-76.72
Huánuco;Leoncio Prado;Rupa-Rupa;100601;Tingo María;Ciudad;666.68;61769;-9.29805556;-76.00055556
Huánuco;Leoncio Prado;Daniel Alomia Robles;100602;Daniel Alomia Robles (Pumahuasi);Pueblo;668.7;6899;-9.18777778;-75.95472222
Huánuco;Leoncio Prado;Hermilio Valdizán;100603;Hermilio Valdizán;Pueblo;1353.7;3506;-9.20555556;-75.83583333
Huánuco;Leoncio Prado;José Crespo y Castillo;100604;Aucayacu;Pueblo;587.03;23994;-8.93222222;-76.11611111
Huánuco;Leoncio Prado;Luyando;100605;Luyando;Pueblo;641.7;9541;-9.24805556;-75.99416667
Huánuco;Leoncio Prado;Mariano Damaso Beraún;100606;Las Palmas;Pueblo;736.1;11549;-9.44277778;-75.97111111
Huánuco;Leoncio Prado;Pucayacu;100607;Pucayacu;Pueblo;573.49;3936;-8.74972222;-76.12111111
Huánuco;Leoncio Prado;Castillo Grande;100608;Castillo Grande;Pueblo;675.3;14622;-9.27972222;-76.00888889
Huánuco;Leoncio Prado;Pueblo Nuevo;100609;Pueblo Nuevo;Pueblo;626.01;4137;-9.07861111;-76.06055556
Huánuco;Leoncio Prado;Santo Domingo de Anda;100610;Pacae;Pueblo;617.24;2427;-9.02361111;-76.06666667
Huánuco;Marañón;Huacrachuco;100701;Huacrachuco;Villa;2913.7;14989;-8.60472222;-77.14916667
Huánuco;Marañón;Cholón;100702;San Pedro de Chonta;Pueblo;2447.0;5273;-8.65583333;-76.87527778
Huánuco;Marañón;San Buenaventura;100703;San Buenaventura;Pueblo;3210.6;1839;-8.76777778;-77.18611111
Huánuco;Marañón;La Morada;100704;La Morada;Pueblo;559.4;4154;-8.79444444;-76.24972222
Huánuco;Marañón;Santa Rosa de Alto Yanajanca;100705;Santa Rosa de Alto Yanajanca;Pueblo;529.7;2920;-8.65277778;-76.31472222
Huánuco;Pachitea;Panao;100801;Panao;Ciudad;2535.5;17175;-9.8975;-75.99416667
Huánuco;Pachitea;Chaglla;100802;Chaglla;Villa;3039.6;8791;-9.84472222;-75.90277778
Huánuco;Pachitea;Molino;100803;Molino;Pueblo;2396.1;9284;-9.91083333;-76.01666667
Huánuco;Pachitea;Umari;100804;Umari (Tambillo);Pueblo;2524.3;8915;-9.86416667;-76.04444444
Huánuco;Puerto Inca;Puerto Inca;100901;Puerto Inca;Villa;215.1;11040;-9.37888889;-74.96583333
Huánuco;Puerto Inca;Codo del Pozuzo;100902;Codo del Pozuzo;Pueblo;398.3;8857;-9.67;-75.4625
Huánuco;Puerto Inca;Honoria;100903;Honoria;Pueblo;176.9;4408;-8.76944444;-74.70916667
Huánuco;Puerto Inca;Tournavista;100904;Tournavista;Pueblo;213.9;6909;-8.93444444;-74.70138889
Huánuco;Puerto Inca;Yuyapichis;100905;Yuyapichis;Pueblo;226.8;6836;-9.62833333;-74.97472222
Huánuco;Lauricocha;Jesús;101001;Jesús;Ciudad;3498.5;3079;-10.07833333;-76.63138889
Huánuco;Lauricocha;Baños;101002;Baños;Villa;3442.0;937;-10.07638889;-76.73555556
Huánuco;Lauricocha;Jivia;101003;Jivia;Pueblo;3393.8;644;-10.02333333;-76.68027778
Huánuco;Lauricocha;Queropalca;101004;Queropalca;Pueblo;3834.5;691;-10.18138889;-76.80305556
Huánuco;Lauricocha;Rondos;101005;Rondos;Pueblo;3617.2;2279;-9.98444444;-76.68833333
Huánuco;Lauricocha;San Francisco de Asis;101006;Huarin;Pueblo;3457.3;813;-9.97638889;-76.67694444
Huánuco;Lauricocha;San Miguel de Cauri;101007;Cauri;Pueblo;3624.9;3899;-10.1425;-76.62555556
Huánuco;Yarowilca;Chavinillo;101101;Chavinillo;Pueblo;3475.1;3682;-9.85888889;-76.60888889
Huánuco;Yarowilca;Cahuac;101102;Cahuac;Pueblo;3412.8;664;-9.85277778;-76.63055556
Huánuco;Yarowilca;Chacabamba;101103;Chacabamba;Pueblo;3203.5;645;-9.90027778;-76.61111111
Huánuco;Yarowilca;Aparicio Pomares;101104;Chupan;Pueblo;3451.7;3836;-9.74777778;-76.64805556
Huánuco;Yarowilca;Jacas Chico;101105;San Cristobal de Jacas Chico;Pueblo;3815.6;737;-9.88638889;-76.50305556
Huánuco;Yarowilca;Obas;101106;Obas;Pueblo;3543.4;2863;-9.79527778;-76.66583333
Huánuco;Yarowilca;Pampamarca;101107;Pampamarca;Pueblo;3435.9;681;-9.70527778;-76.7025
Huánuco;Yarowilca;Choras;101108;Choras;Pueblo;3554.3;1381;-9.91027778;-76.60583333
Ica;Ica;Ica;110101;Ica;Ciudad;431.98;189946;-14.06361111;-75.72916667
Ica;Ica;La Tinguiña;110102;La Tinguiña;Pueblo;463.3;53650;-14.03333333;-75.71055556
Ica;Ica;Los Aquijes;110103;Los Aquijes;Pueblo;445.58;28470;-14.09638889;-75.69055556
Ica;Ica;Ocucaje;110104;Ocucaje;Pueblo;332.0;5893;-14.34666667;-75.67222222
Ica;Ica;Pachacútec;110105;Pampa de Tate;Pueblo;423.7;9381;-14.15194444;-75.69194444
Ica;Ica;Parcona;110106;Parcona;Pueblo;471.5;64373;-14.05388889;-75.68555556
Ica;Ica;Pueblo Nuevo;110107;Pueblo Nuevo;Pueblo;417.1;9131;-14.12722222;-75.70583333
Ica;Ica;Salas;110108;Guadalupe;Pueblo;451.7;33472;-13.98583333;-75.77222222
Ica;Ica;San José de Los Molinos;110109;San José de Los Molinos;Pueblo;541.7;8906;-13.93305556;-75.67083333
Ica;Ica;San Juan Bautista;110110;San Juan Bautista;Pueblo;459.03;16952;-14.01138889;-75.73527778
Ica;Ica;Santiago;110111;Santiago;Pueblo;394.7;34224;-14.18583333;-75.71444444
Ica;Ica;Subtanjalla;110112;Subtanjalla;Pueblo;445.06;36130;-14.01861111;-75.75805556
Ica;Ica;Tate;110113;Tate de la Capilla;Pueblo;416.5;5687;-14.15583333;-75.70805556
Ica;Ica;Yauca Del Rosario;110114;Curis;Pueblo;860.9;1350;-14.09888889;-75.47694444
Ica;Chincha;Chincha Alta;110201;Chincha Alta;Ciudad;140.33;83871;-13.41833333;-76.1325
Ica;Chincha;Alto Laran;110202;Alto Laran;Villa;155.5;9971;-13.4425;-76.08333333
Ica;Chincha;Chavín;110203;Chavín;Pueblo;3183.0;3683;-13.07638889;-75.91305556
Ica;Chincha;Chincha Baja;110204;Chincha Baja;Pueblo;44.4;15285;-13.45944444;-76.16555556
Ica;Chincha;El Carmen;110205;El Carmen;Pueblo;159.7;14534;-13.49944444;-76.05777778
Ica;Chincha;Grocio Prado;110206;San Pedro;Pueblo;134.2;32403;-13.39805556;-76.15611111
Ica;Chincha;Pueblo Nuevo;110207;Pueblo Nuevo;Pueblo;146.04;81998;-13.40416667;-76.1275
Ica;Chincha;San Juan de Yánac;110208;San Juan de Yánac;Pueblo;2554.5;2499;-13.21111111;-75.78722222
Ica;Chincha;San Pedro de Huacarpana;110209;San Pedro de Huacarpana;Pueblo;3811.5;1162;-13.04916667;-75.64777778
Ica;Chincha;Sunampe;110210;Sunampe;Pueblo;93.919;36625;-13.4275;-76.16361111
Ica;Chincha;Tambo de Mora;110211;Tambo de Mora;Pueblo;37.0;7309;-13.46055556;-76.17666667
Ica;Nasca;Nasca;110301;Nasca;Ciudad;617.5;32259;-14.82694444;-74.93722222
Ica;Nasca;Changuillo;110302;Changuillo;Pueblo;259.6;2347;-14.66472222;-75.2225
Ica;Nasca;El Ingenio;110303;El Ingenio;Pueblo;462.8;3977;-14.64527778;-75.05833333
Ica;Nasca;Marcona;110304;San Juan;Pueblo;36.1;20803;-15.36194444;-75.16583333
Ica;Nasca;Vista Alegre;110305;Vista Alegre;Pueblo;617.9;27612;-14.84583333;-74.94388889
Ica;Palpa;Palpa;110401;Palpa;Ciudad;370.7;9263;-14.53388889;-75.185
Ica;Palpa;Llipata;110402;Llipata;Pueblo;317.3;1924;-14.56333333;-75.2075
Ica;Palpa;Río Grande;110403;Río Grande;Pueblo;369.1;3073;-14.52;-75.20111111
Ica;Palpa;Santa Cruz;110404;Santa Cruz;Pueblo;546.1;1048;-14.48333333;-75.24555556
Ica;Palpa;Tibillo;110405;Tibillo;Pueblo;2192.3;352;-14.09388889;-75.17166667
Ica;Pisco;Pisco;110501;Pisco;Ciudad;39.294;88467;-13.71;-76.20166667
Ica;Pisco;Huancano;110502;Huancano;Pueblo;1039.3;1426;-13.60083333;-75.61861111
Ica;Pisco;Humay;110503;Humay;Pueblo;426.4;6022;-13.72277778;-75.88666667
Ica;Pisco;Independencia;110504;Independencia;Pueblo;235.3;15397;-13.69388889;-76.02472222
Ica;Pisco;Paracas;110505;Paracas;Pueblo;14.1;11739;-13.83888889;-76.25194444
Ica;Pisco;San Andrés;110506;San Andrés;Pueblo;15.886;17118;-13.73138889;-76.22333333
Ica;Pisco;San Clemente;110507;San Clemente;Pueblo;115.59;33037;-13.68027778;-76.15694444
Ica;Pisco;Túpac Amaru Inca;110508;Túpac Amaru;Villa;113.42;20797;-13.71333333;-76.14833333
Junín;Huancayo;Huancayo;120101;Huancayo;Ciudad;3293.9;126618;-12.07083333;-75.20888889
Junín;Huancayo;Carhuacallanga;120104;Carhuacallanga;Pueblo;3773.5;389;-12.355;-75.20055556
Junín;Huancayo;Chacapampa;120105;Chacapampa;Pueblo;3412.5;844;-12.345;-75.2475
Junín;Huancayo;Chicche;120106;Chicche;Pueblo;3605.7;562;-12.29611111;-75.29861111
Junín;Huancayo;Chilca;120107;Chilca;Pueblo;3273.4;104922;-12.08666667;-75.20833333
Junín;Huancayo;Chongos Alto;120108;Chongos Alto;Pueblo;3572.5;1416;-12.31166667;-75.28916667
Junín;Huancayo;Chupuro;120111;Chupuro;Pueblo;3196.8;2003;-12.15555556;-75.24555556
Junín;Huancayo;Colca;120112;Colca;Pueblo;3498.6;943;-12.3175;-75.22222222
Junín;Huancayo;Cullhuas;120113;Cullhuas;Pueblo;3549.2;1138;-12.22055556;-75.16694444
Junín;Huancayo;El Tambo;120114;El Tambo;Pueblo;3305.3;180415;-12.05027778;-75.22138889
Junín;Huancayo;Huacrapuquio;120116;Huacrapuquio;Pueblo;3237.7;1341;-12.17111111;-75.22083333
Junín;Huancayo;Hualhuas;120117;Hualhuas;Pueblo;3266.7;6160;-11.97138889;-75.25083333
Junín;Huancayo;Huancán;120119;Huancán;Pueblo;3251.5;34295;-12.10666667;-75.21666667
Junín;Huancayo;Huasicancha;120120;Huasicancha;Pueblo;3754.5;768;-12.33222222;-75.28194444
Junín;Huancayo;Huayucachi;120121;Huayucachi;Villa;3250.7;11161;-12.13861111;-75.22361111
Junín;Huancayo;Ingenio;120122;Ingenio;Pueblo;3485.8;2281;-11.89055556;-75.26638889
Junín;Huancayo;Pariahuanca;120124;Pariahuanca;Pueblo;2591.1;4431;-11.98027778;-74.89666667
Junín;Huancayo;Pilcomayo;120125;Pilcomayo;Pueblo;3244.2;27648;-12.04944444;-75.25055556
Junín;Huancayo;Pucará;120126;Pucará;Villa;3373.8;4455;-12.1725;-75.14555556
Junín;Huancayo;Quichuay;120127;Quichuay;Pueblo;3429.8;1832;-11.88972222;-75.28611111
Junín;Huancayo;Quilcas;120128;Quilcas;Pueblo;3323.4;4128;-11.93805556;-75.25972222
Junín;Huancayo;San Agustín;120129;San Agustín;Villa;3297.4;21764;-11.98972222;-75.24416667
Junín;Huancayo;San Jerónimo de Tunán;120130;San Jerónimo de Tunán;Ciudad;3300.5;13687;-11.94916667;-75.28222222
Junín;Huancayo;Saño;120132;Saño;Pueblo;3296.5;6866;-11.95888889;-75.25861111
Junín;Huancayo;Sapallanga;120133;Sapallanga;Villa;3330.1;28774;-12.14138889;-75.15805556
Junín;Huancayo;Sicaya;120134;Sicaya;Pueblo;3304.7;27748;-12.01472222;-75.28
Junín;Huancayo;Santo Domingo de Acobamba;120135;Santo Domingo de Acobamba;Pueblo;2220.9;5574;-11.76888889;-74.79527778
Junín;Huancayo;Viques;120136;Viques;Pueblo;3200.4;3074;-12.15972222;-75.23194444
Junín;Concepción;Concepción;120201;Concepción;Ciudad;3303.2;17514;-11.91888889;-75.3125
Junín;Concepción;Aco;120202;Aco;Pueblo;3474.0;1496;-11.95805556;-75.36833333
Junín;Concepción;Andamarca;120203;Andamarca;Pueblo;2507.8;2627;-11.72833333;-74.80166667
Junín;Concepción;Chambará;120204;Chambará;Pueblo;3521.0;2501;-12.02722222;-75.37527778
Junín;Concepción;Cochas;120205;Cochas;Pueblo;3231.2;1833;-11.66;-75.10222222
Junín;Concepción;Comas;120206;Comas;Pueblo;3302.8;4440;-11.71777778;-75.08166667
Junín;Concepción;Heroínas Toledo;120207;San Antonio de Ocopa;Pueblo;3764.2;774;-11.83555556;-75.29083333
Junín;Concepción;Manzanares;120208;San Miguel;Pueblo;3380.9;1494;-12.01611111;-75.34583333
Junín;Concepción;Mariscal Castilla;120209;Mucllo;Pueblo;2513.3;1416;-11.61916667;-75.09
Junín;Concepción;Matahuasi;120210;Matahuasi;Pueblo;3301.8;6661;-11.89388889;-75.34416667
Junín;Concepción;Mito;120211;Mito;Ciudad;3295.5;1420;-11.93722222;-75.33916667
Junín;Concepción;Nueve de Julio;120212;Santo Domingo del Prado;Pueblo;3339.2;2850;-11.89777778;-75.31805556
Junín;Concepción;Orcotuna;120213;Orcotuna;Ciudad;3271.4;5623;-11.96722222;-75.3075
Junín;Concepción;San José de Quero;120214;San José de Quero;Pueblo;3912.8;5296;-12.08555556;-75.53638889
Junín;Concepción;Santa Rosa de Ocopa;120215;Santa Rosa;Pueblo;3396.3;2030;-11.87722222;-75.295
Junín;Chanchamayo;Chanchamayo;120301;La Merced;Ciudad;803.8;29775;-11.05666667;-75.3275
Junín;Chanchamayo;Perené;120302;Perené;Villa;666.0;61010;-10.9475;-75.22472222
Junín;Chanchamayo;Pichanaqui;120303;Bajo Pichanaqui;Pueblo;530.9;39213;-10.92638889;-74.87277778
Junín;Chanchamayo;San Luis de Shuaro;120304;San Luis de Shuaro;Pueblo;739.3;2981;-10.88833333;-75.28722222
Junín;Chanchamayo;San Ramón;120305;San Ramón;Pueblo;865.27;30214;-11.12055556;-75.35305556
Junín;Chanchamayo;Vitoc;120306;Pucara;Villa;962.2;1450;-11.21027778;-75.33472222
Junín;Jauja;Jauja;120401;Jauja;Ciudad;3425.0;20779;-11.77555556;-75.50055556
Junín;Jauja;Acolla;120402;Acolla;Ciudad;3493.1;5196;-11.73111111;-75.54666667
Junín;Jauja;Apata;120403;Apata;Villa;3358.8;4317;-11.85527778;-75.35444444
Junín;Jauja;Ataura;120404;Ataura;Villa;3364.4;1417;-11.80277778;-75.43888889
Junín;Jauja;Canchayllo;120405;Canchayllo;Pueblo;3632.4;1613;-11.80222222;-75.71805556
Junín;Jauja;Curicaca;120406;El Rosario;Pueblo;3545.8;1309;-11.78527778;-75.675
Junín;Jauja;El Mantaro;120407;Pucucho;Pueblo;3335.5;2787;-11.82222222;-75.39194444
Junín;Jauja;Huamalí;120408;Huamalí;Pueblo;3366.1;1504;-11.80722222;-75.42416667
Junín;Jauja;Huaripampa;120409;Huaripampa;Villa;3378.0;1135;-11.80777778;-75.47111111
Junín;Jauja;Huertas;120410;Huertas;Pueblo;3404.1;2324;-11.76;-75.46972222
Junín;Jauja;Janjaillo;120411;Janjaillo;Pueblo;3829.9;491;-11.76444444;-75.61027778
Junín;Jauja;Julcán;120412;Julcán;Villa;3473.1;705;-11.75916667;-75.43527778
Junín;Jauja;Leonor Ordóñez;120413;Huancani;Villa;3318.7;1556;-11.85944444;-75.4175
Junín;Jauja;Llocllapampa;120414;Llocllapampa;Pueblo;3525.6;1087;-11.8175;-75.62388889
Junín;Jauja;Marco;120415;Marco;Ciudad;3479.5;1225;-11.74055556;-75.56111111
Junín;Jauja;Masma;120416;Masma;Villa;3504.8;1573;-11.78527778;-75.42611111
Junín;Jauja;Masma Chicche;120417;Masma Chicche;Pueblo;3670.6;664;-11.78611111;-75.38166667
Junín;Jauja;Molinos;120418;Molinos;Pueblo;3459.1;1496;-11.73777778;-75.44611111
Junín;Jauja;Monobamba;120419;Monobamba;Pueblo;1495.3;2135;-11.36055556;-75.32666667
Junín;Jauja;Muqui;120420;Muqui;Pueblo;3357.6;1025;-11.83333333;-75.435
Junín;Jauja;Muquiyauyo;120421;Muquiyauyo;Ciudad;3372.8;2303;-11.81388889;-75.45388889
Junín;Jauja;Paca;120422;Paca;Villa;3401.8;737;-11.70916667;-75.51833333
Junín;Jauja;Paccha;120423;Paccha;Pueblo;3678.8;1184;-11.85361111;-75.50638889
Junín;Jauja;Pancán;120424;Pancán;Pueblo;3398.4;1179;-11.74888889;-75.48611111
Junín;Jauja;Parco;120425;Parco;Pueblo;3436.8;1006;-11.80111111;-75.54277778
Junín;Jauja;Pomacancha;120426;Pomacancha;Pueblo;3823.8;1127;-11.73916667;-75.62333333
Junín;Jauja;Ricrán;120427;Ricrán;Pueblo;3645.3;1017;-11.53944444;-75.52722222
Junín;Jauja;San Lorenzo;120428;San Lorenzo;Pueblo;3336.7;2967;-11.84638889;-75.38166667
Junín;Jauja;San Pedro de Chunán;120429;San Pedro de Chunán;Pueblo;3416.5;568;-11.72555556;-75.48638889
Junín;Jauja;Sausa;120430;Sausa;Villa;3387.0;3501;-11.79361111;-75.48472222
Junín;Jauja;Sincos;120431;Sincos;Villa;3280.3;4001;-11.89138889;-75.38694444
Junín;Jauja;Tunan Marca;120432;Concho;Pueblo;3491.5;847;-11.72972222;-75.57055556
Junín;Jauja;Yauli;120433;Yauli;Pueblo;3438.7;859;-11.715;-75.47194444
Junín;Jauja;Yauyos;120434;Yauyos;Pueblo;3420.4;10198;-11.78083333;-75.49972222
Junín;Junín;Junín;120501;Junín;Ciudad;4127.1;10146;-11.16138889;-75.99833333
Junín;Junín;Carhuamayo;120502;Carhuamayo;Pueblo;4154.1;5581;-10.92277778;-76.05777778
Junín;Junín;Ondores;120503;Ondores;Pueblo;4108.3;947;-11.08361111;-76.14666667
Junín;Junín;Ulcumayo;120504;Ulcumayo;Pueblo;3636.0;3331;-10.9675;-75.87805556
Junín;Satipo;Satipo;120601;Satipo;Ciudad;676.27;44313;-11.25388889;-74.63611111
Junín;Satipo;Coviriali;120602;Coviriali;Pueblo;708.1;6834;-11.29138889;-74.6275
Junín;Satipo;Llaylla;120603;Llaylla;Pueblo;1122.2;8197;-11.38111111;-74.59027778
Junín;Satipo;Mazamari;120604;Mazamari;Pueblo;693.6;46348;-11.325;-74.53027778
Junín;Satipo;Pampa Hermosa;120605;Mariposa;Pueblo;1230.6;2937;-11.40416667;-74.75166667
Junín;Satipo;Pangoa;120606;San Martín de Pangoa;Pueblo;816.2;70079;-11.42833333;-74.48888889
Junín;Satipo;Río Negro;120607;Río Negro;Pueblo;664.8;36675;-11.20888889;-74.65944444
Junín;Satipo;Río Tambo;120608;Puerto Ocopa;Pueblo;358.02;27735;-11.1475;-74.30638889
Junín;Satipo;Vizcatán del Ene;120609;San Miguel del Ene;Pueblo;538.8;7200;-12.18611111;-74.02722222
Junín;Tarma;Tarma;120701;Tarma;Ciudad;3094.0;48431;-11.42;-75.68805556
Junín;Tarma;Acobamba;120702;Acobamba;Ciudad;2960.7;7833;-11.35333333;-75.65916667
Junín;Tarma;Huaricolca;120703;Huaricolca;Pueblo;3783.0;1416;-11.51194444;-75.65277778
Junín;Tarma;Huasahuasi;120704;Huasahuasi;Pueblo;2768.3;7808;-11.265;-75.65027778
Junín;Tarma;La Unión;120705;Leticia;Pueblo;3555.5;3457;-11.37722222;-75.75194444
Junín;Tarma;Palca;120706;Palca;Pueblo;2758.8;5578;-11.34611111;-75.56861111
Junín;Tarma;Palcamayo;120707;Palcamayo;Pueblo;3350.8;2480;-11.29583333;-75.77277778
Junín;Tarma;San Pedro de Cajas;120708;San Pedro de Cajas;Pueblo;4026.5;2686;-11.24916667;-75.86277778
Junín;Tarma;Tapo;120709;Tapo;Pueblo;3146.2;3870;-11.39027778;-75.56388889
Junín;Yauli;La Oroya;120801;La Oroya;Ciudad;3757.3;11824;-11.52194444;-75.90777778
Junín;Yauli;Chacapalpa;120802;Chacapalpa;Pueblo;3775.4;578;-11.73277778;-75.75555556
Junín;Yauli;Huay-Huay;120803;Huay-Huay;Pueblo;3994.8;2339;-11.7225;-75.905
Junín;Yauli;Marcapomacocha;120804;Marcapomacocha;Pueblo;4451.0;650;-11.40666667;-76.33611111
Junín;Yauli;Morococha;120805;Nueva Morococha;Ciudad;4267.7;5189;-11.58722222;-76.06333333
Junín;Yauli;Paccha;120806;Paccha;Pueblo;3785.7;1541;-11.47305556;-75.96055556
Junín;Yauli;Santa Bárbara de Carhuacayán;120807;Santa Bárbara de Carhuacayán;Pueblo;4145.0;769;-11.20388889;-76.28555556
Junín;Yauli;Santa Rosa de Sacco;120808;Santa Rosa de Sacco;Pueblo;3830.6;7577;-11.54916667;-75.94027778
Junín;Yauli;Suitucancha;120809;Suitucancha;Pueblo;4286.2;634;-11.7875;-75.93638889
Junín;Yauli;Yauli;120810;Yauli;Pueblo;4136.6;5154;-11.66583333;-76.08583333
Junín;Chupaca;Chupaca;120901;Chupaca;Ciudad;3285.9;21329;-12.05777778;-75.28944444
Junín;Chupaca;Ahuac;120902;Ahuac;Pueblo;3341.2;6591;-12.08583333;-75.32111111
Junín;Chupaca;Chongos Bajo;120903;Chongos Bajo;Villa;3287.5;4867;-12.13388889;-75.26805556
Junín;Chupaca;Huáchac;120904;Huáchac;Pueblo;3378.0;2783;-12.02055556;-75.34111111
Junín;Chupaca;Huamancaca Chico;120905;Huamancaca Chico;Pueblo;3202.8;13263;-12.08083333;-75.24222222
Junín;Chupaca;San Juan de Iscos;120906;Iscos;Pueblo;3279.9;2280;-12.09833333;-75.29277778
Junín;Chupaca;San Juan de Jarpa;120907;Jarpa;Villa;3691.8;2236;-12.12638889;-75.43555556
Junín;Chupaca;Tres de Diciembre;120908;Tres de Diciembre;Pueblo;3193.2;3613;-12.10972222;-75.24583333
Junín;Chupaca;Yanacancha;120909;Yanacancha;Pueblo;3854.1;2321;-12.20111111;-75.38666667
La Libertad;Trujillo;Trujillo;130101;Trujillo;Ciudad;74.234;359982;-8.1;-79.03055556
La Libertad;Trujillo;El Porvenir;130102;El Porvenir;Pueblo;91.959;134258;-8.08805556;-78.99777778
La Libertad;Trujillo;Florencia de Mora;130103;Florencia de Mora;Ciudad;92.402;65310;-8.08277778;-79.02333333
La Libertad;Trujillo;Huanchaco;130104;Huanchaco;Pueblo;19.354;103075;-8.08;-79.12166667
La Libertad;Trujillo;La Esperanza;130105;La Esperanza;Pueblo;136.76;249310;-8.05611111;-79.05166667
La Libertad;Trujillo;Laredo;130106;Laredo;Pueblo;106.59;56718;-8.08972222;-78.96027778
La Libertad;Trujillo;Moche;130107;Moche;Villa;24.889;47246;-8.17138889;-79.00916667
La Libertad;Trujillo;Poroto;130108;Poroto;Pueblo;658.7;4032;-8.01138889;-78.76777778
La Libertad;Trujillo;Salaverry;130109;Salaverry;Villa;10.1;25844;-8.22444444;-78.97611111
La Libertad;Trujillo;Simbal;130110;Simbal;Pueblo;603.5;4658;-7.97666667;-78.81333333
La Libertad;Trujillo;Victor Larco Herrera;130111;Buenos Aires;Pueblo;24.288;85912;-8.13638889;-79.04333333
La Libertad;Trujillo;Alto Trujillo;130112;Alto Trujillo;Pueblo;147.0;87632;-8.06277778;-79.01
La Libertad;Ascope;Ascope;130201;Ascope;Ciudad;241.9;6848;-7.71361111;-79.10722222
La Libertad;Ascope;Chicama;130202;Chicama;Villa;150.2;16245;-7.8425;-79.14416667
La Libertad;Ascope;Chocope;130203;Chocope;Ciudad;117.6;9743;-7.79138889;-79.22305556
La Libertad;Ascope;Magdalena de Cao;130204;Magdalena de Cao;Villa;42.0;2609;-7.87638889;-79.29583333
La Libertad;Ascope;Paiján;130205;Paiján;Ciudad;97.2;30960;-7.73472222;-79.30333333
La Libertad;Ascope;Rázuri;130206;Puerto de Malabrigo;Ciudad;14.4;9745;-7.70222222;-79.43777778
La Libertad;Ascope;Santiago de Cao;130207;Santiago de Cao;Villa;32.1;20204;-7.95777778;-79.24361111
La Libertad;Ascope;Casa Grande;130208;Casa Grande;Ciudad;161.77;29984;-7.74527778;-79.18805556
La Libertad;Bolívar;Bolívar;130301;Bolívar;Villa;3156.5;5133;-7.15388889;-77.70222222
La Libertad;Bolívar;Bambamarca;130302;Bambamarca;Pueblo;3487.5;3016;-7.43972222;-77.69305556
La Libertad;Bolívar;Condormarca;130303;Condormarca;Pueblo;2793.1;2110;-7.54666667;-77.59972222
La Libertad;Bolívar;Longotea;130304;Longotea;Pueblo;2617.4;2372;-7.04388889;-77.87222222
La Libertad;Bolívar;Uchumarca;130305;Uchumarca;Pueblo;3042.7;2220;-7.04722222;-77.80555556
La Libertad;Bolívar;Ucuncha;130306;Ucuncha;Pueblo;2634.2;887;-7.16527778;-77.85916667
La Libertad;Chepén;Chepén;130401;Chepén;Ciudad;159.81;50115;-7.2275;-79.42944444
La Libertad;Chepén;Pacanga;130402;Pacanga;Villa;111.5;26986;-7.17138889;-79.48555556
La Libertad;Chepén;Pueblo Nuevo;130403;Pueblo Nuevo;Villa;83.9;12954;-7.1825;-79.52
La Libertad;Julcán;Julcán;130501;Julcán;Villa;3420.0;12821;-8.04277778;-78.48638889
La Libertad;Julcán;Calamarca;130502;Calamarca;Pueblo;3377.0;4625;-8.17;-78.41222222
La Libertad;Julcán;Carabamba;130503;Carabamba;Pueblo;3344.9;6935;-8.1125;-78.6075
La Libertad;Julcán;Huaso;130504;Huaso;Pueblo;3075.0;6255;-8.22472222;-78.41416667
La Libertad;Otuzco;Otuzco;130601;Otuzco;Ciudad;2700.5;27630;-7.90222222;-78.56555556
La Libertad;Otuzco;Agallpampa;130602;Agallpampa;Pueblo;3142.9;10721;-7.98194444;-78.54666667
La Libertad;Otuzco;Charat;130604;Charat;Pueblo;2280.3;2409;-7.82388889;-78.44805556
La Libertad;Otuzco;Huaranchal;130605;Huaranchal;Pueblo;2208.3;3820;-7.68972222;-78.4425
La Libertad;Otuzco;La Cuesta;130606;La Cuesta;Pueblo;1899.7;651;-7.91888889;-78.70472222
La Libertad;Otuzco;Mache;130608;Mache;Pueblo;3319.5;2770;-8.02916667;-78.535
La Libertad;Otuzco;Paranday;130610;Paranday;Pueblo;3136.5;509;-7.885;-78.70944444
La Libertad;Otuzco;Salpo;130611;Salpo;Pueblo;3461.1;6631;-8.00305556;-78.60416667
La Libertad;Otuzco;Sinsicap;130613;Sinsicap;Villa;2334.7;7322;-7.85166667;-78.75416667
La Libertad;Otuzco;Usquil;130614;Usquil;Ciudad;3049.2;21956;-7.81527778;-78.41666667
La Libertad;Pacasmayo;San Pedro de Lloc;130701;San Pedro de Lloc;Ciudad;49.1;20469;-7.41833333;-79.51472222
La Libertad;Pacasmayo;Guadalupe;130702;Guadalupe;Ciudad;123.8;46402;-7.24361111;-79.47027778
La Libertad;Pacasmayo;Jequetepeque;130703;Jequetepeque;Pueblo;12.8;5064;-7.3375;-79.56305556
La Libertad;Pacasmayo;Pacasmayo;130704;Pacasmayo;Pueblo;20.6;34340;-7.40111111;-79.57222222
La Libertad;Pacasmayo;San José;130705;San José;Pueblo;116.6;13047;-7.35;-79.45527778
La Libertad;Pataz;Tayabamba;130801;Tayabamba;Ciudad;3222.0;13825;-8.275;-77.29611111
La Libertad;Pataz;Buldibuyo;130802;Buldibuyo;Villa;3188.7;4356;-8.12694444;-77.39527778
La Libertad;Pataz;Chillia;130803;Chillia;Pueblo;3165.7;13370;-8.12444444;-77.515
La Libertad;Pataz;Huancaspata;130804;Huancaspata;Villa;3312.7;6101;-8.4575;-77.29833333
La Libertad;Pataz;Huaylillas;130805;Huaylillas;Pueblo;2381.3;950;-8.18722222;-77.34388889
La Libertad;Pataz;Huayo;130806;Huayo;Pueblo;2188.0;3670;-8.00444444;-77.59222222
La Libertad;Pataz;Ongon;130807;Ongon;Pueblo;1353.2;1279;-8.20777778;-76.98277778
La Libertad;Pataz;Parcoy;130808;Parcoy;Pueblo;3121.0;22645;-8.03333333;-77.47972222
La Libertad;Pataz;Pataz;130809;Pataz;Pueblo;2611.2;11895;-7.785;-77.59388889
La Libertad;Pataz;Pias;130810;Pias;Pueblo;2641.3;2023;-7.87194444;-77.54666667
La Libertad;Pataz;Santiago de Challas;130811;Challas;Ciudad;3315.7;2166;-8.43805556;-77.32055556
La Libertad;Pataz;Taurija;130812;Taurija;Pueblo;3122.9;3026;-8.30777778;-77.42361111
La Libertad;Pataz;Urpay;130813;Urpay;Ciudad;2707.0;2283;-8.34777778;-77.38944444
La Libertad;Sánchez Carrión;Huamachuco;130901;Huamachuco;Ciudad;3183.4;89656;-7.81111111;-78.04666667
La Libertad;Sánchez Carrión;Chugay;130902;Chugay;Pueblo;3393.5;19982;-7.78194444;-77.86833333
La Libertad;Sánchez Carrión;Cochorco;130903;Aricapampa;Pueblo;2619.8;10452;-7.80638889;-77.7175
La Libertad;Sánchez Carrión;Curgos;130904;Curgos;Pueblo;3244.3;8981;-7.86;-77.94388889
La Libertad;Sánchez Carrión;Marcabal;130905;Marcabal;Pueblo;2943.4;10166;-7.70583333;-78.03361111
La Libertad;Sánchez Carrión;Sanagoran;130906;Sanagoran;Pueblo;2687.9;15459;-7.78611111;-78.14194444
La Libertad;Sánchez Carrión;Sarín;130907;Sarín;Pueblo;2840.2;10130;-7.91138889;-77.90611111
La Libertad;Sánchez Carrión;Sartimbamba;130908;Sartimbamba;Pueblo;2696.7;14888;-7.69916667;-77.74361111
La Libertad;Santiago de Chuco;Santiago de Chuco;131001;Santiago de Chuco;Ciudad;3125.9;20652;-8.14527778;-78.17361111
La Libertad;Santiago de Chuco;Angasmarca;131002;Angasmarca;Pueblo;2888.8;4669;-8.13277778;-78.05583333
La Libertad;Santiago de Chuco;Cachicadan;131003;Cachicadan;Pueblo;2897.1;5507;-8.09444444;-78.14888889
La Libertad;Santiago de Chuco;Mollebamba;131004;Mollebamba;Pueblo;3099.1;1813;-8.17083333;-77.97388889
La Libertad;Santiago de Chuco;Mollepata;131005;Mollepata;Pueblo;2693.9;2341;-8.19333333;-77.95722222
La Libertad;Santiago de Chuco;Quiruvilca;131006;Quiruvilca;Pueblo;3991.9;13627;-8.00194444;-78.31
La Libertad;Santiago de Chuco;Santa Cruz de Chuca;131007;Santa Cruz de Chuca;Pueblo;2936.6;2994;-8.12027778;-78.14222222
La Libertad;Santiago de Chuco;Sitabamba;131008;Sitabamba;Pueblo;3079.7;3663;-8.02222222;-77.73
La Libertad;Gran Chimú;Cascas;131101;Cascas;Ciudad;1278.1;14462;-7.47944444;-78.81972222
La Libertad;Gran Chimú;Lucma;131102;Lucma;Pueblo;2192.2;4651;-7.64055556;-78.55222222
La Libertad;Gran Chimú;Marmot;131103;Marmot;Pueblo;1512.0;2619;-7.69833333;-78.62611111
La Libertad;Gran Chimú;Sayapullo;131104;Sayapullo;Pueblo;2383.7;6163;-7.59583333;-78.465
La Libertad;Virú;Virú;131201;Virú;Ciudad;87.968;61934;-8.41444444;-78.75277778
La Libertad;Virú;Chao;131202;Chao;Villa;102.85;44915;-8.54055556;-78.67888889
La Libertad;Virú;Guadalupito;131203;Guadalupito;Villa;30.1;8145;-8.95166667;-78.62472222
Lambayeque;Chiclayo;Chiclayo;140101;Chiclayo;Ciudad;28.302;298094;-6.76694444;-79.85055556
Lambayeque;Chiclayo;Chongoyape;140102;Chongoyape;Ciudad;218.7;20252;-6.64305556;-79.38527778
Lambayeque;Chiclayo;Etén;140103;Etén;Ciudad;15.3;14054;-6.90694444;-79.8625
Lambayeque;Chiclayo;Etén Puerto;140104;Etén Puerto;Pueblo;14.0;2489;-6.92555556;-79.86611111
Lambayeque;Chiclayo;José Leonardo Ortiz;140105;José Leonardo Ortiz;Pueblo;41.485;168913;-6.76305556;-79.83444444
Lambayeque;Chiclayo;La Victoria;140106;La Victoria;Ciudad;35.989;102844;-6.79444444;-79.84444444
Lambayeque;Chiclayo;Lagunas;140107;Mocupe;Pueblo;34.3;11323;-6.99111111;-79.62277778
Lambayeque;Chiclayo;Monsefú;140108;Monsefú;Ciudad;39.539;37104;-6.87805556;-79.8725
Lambayeque;Chiclayo;Nueva Arica;140109;Nueva Arica;Pueblo;178.4;2576;-6.87416667;-79.34361111
Lambayeque;Chiclayo;Oyotun;140110;Oyotun;Pueblo;208.5;8154;-6.85444444;-79.30638889
Lambayeque;Chiclayo;Picsi;140111;Picsi;Pueblo;43.2;15474;-6.71833333;-79.77055556
Lambayeque;Chiclayo;Pimentel;140112;Pimentel;Pueblo;21.852;54654;-6.83527778;-79.93583333
Lambayeque;Chiclayo;Reque;140113;Reque;Villa;33.7;19038;-6.865;-79.81916667
Lambayeque;Chiclayo;Santa Rosa;140114;Santa Rosa;Pueblo;22.8;15006;-6.88166667;-79.92083333
Lambayeque;Chiclayo;Saña;140115;Saña;Pueblo;69.7;12841;-6.91805556;-79.58333333
Lambayeque;Chiclayo;Cayaltí;140116;Cayaltí;Ciudad;85.5;14659;-6.89166667;-79.56222222
Lambayeque;Chiclayo;Patapo;140117;Patapo;Ciudad;113.4;26510;-6.73555556;-79.63472222
Lambayeque;Chiclayo;Pomalca;140118;Pomalca;Ciudad;60.848;28364;-6.77;-79.77527778
Lambayeque;Chiclayo;Pucala;140119;Pucala;Ciudad;107.9;9087;-6.78194444;-79.61222222
Lambayeque;Chiclayo;Tumán;140120;Tumán;Ciudad;70.907;30514;-6.75111111;-79.70111111
Lambayeque;Ferreñafe;Ferreñafe;140201;Ferreñafe;Ciudad;37.5;39234;-6.63888889;-79.78833333
Lambayeque;Ferreñafe;Cañaris;140202;Cañaris;Pueblo;2421.3;11735;-6.04611111;-79.26527778
Lambayeque;Ferreñafe;Incahuasi;140203;Incahuasi;Pueblo;3030.2;15355;-6.23527778;-79.31694444
Lambayeque;Ferreñafe;Manuel Antonio Mesones Muro;140204;Manuel Antonio Mesones Muro;Pueblo;65.6;4229;-6.645;-79.73888889
Lambayeque;Ferreñafe;Pitipo;140205;Pitipo;Pueblo;70.1;22394;-6.56583333;-79.78083333
Lambayeque;Ferreñafe;Pueblo Nuevo;140206;Pueblo Nuevo;Pueblo;45.006;16272;-6.64027778;-79.79611111
Lambayeque;Lambayeque;Lambayeque;140301;Lambayeque;Ciudad;24.294;88933;-6.70694444;-79.89527778
Lambayeque;Lambayeque;Chochope;140302;Chochope;Pueblo;197.8;1757;-6.15777778;-79.64777778
Lambayeque;Lambayeque;Illimo;140303;Illimo;Pueblo;60.2;9728;-6.47388889;-79.85472222
Lambayeque;Lambayeque;Jayanca;140304;Jayanca;Ciudad;66.5;21260;-6.39277778;-79.82277778
Lambayeque;Lambayeque;Mochumi;140305;Mochumi;Pueblo;39.8;21625;-6.54777778;-79.865
Lambayeque;Lambayeque;Mórrope;140306;Mórrope;Pueblo;5.183;60153;-6.54027778;-80.01555556
Lambayeque;Lambayeque;Motupe;140307;Motupe;Ciudad;139.5;37788;-6.15083333;-79.71416667
Lambayeque;Lambayeque;Olmos;140308;Olmos;Ciudad;191.98;59666;-5.98777778;-79.7475
Lambayeque;Lambayeque;Pacora;140309;Pacora;Pueblo;68.9;9915;-6.42861111;-79.83888889
Lambayeque;Lambayeque;Salas;140310;Salas;Pueblo;173.9;13963;-6.27472222;-79.60722222
Lambayeque;Lambayeque;San José;140311;San José;Pueblo;33.4;20334;-6.76944444;-79.96805556
Lambayeque;Lambayeque;Tucume;140312;Tucume;Pueblo;60.7;26010;-6.51;-79.85916667
Lima;Lima;Lima;150101;Lima;Ciudad;162.42;265503;-12.04527778;-77.03083333
Lima;Lima;Ancón;150102;Ancón;Villa;14.078;104552;-11.77388889;-77.17638889
Lima;Lima;Ate;150103;Vitarte;Pueblo;378.4;743517;-12.02638889;-76.92138889
Lima;Lima;Barranco;150104;Barranco;Ciudad;97.27;37214;-12.14916667;-77.02166667
Lima;Lima;Breña;150105;Breña;Ciudad;152.72;97746;-12.05888889;-77.04611111
Lima;Lima;Carabayllo;150106;Carabayllo;Pueblo;237.92;458341;-11.89027778;-77.02694444
Lima;Lima;Chaclacayo;150107;Chaclacayo;Pueblo;684.68;46394;-11.97527778;-76.76888889
Lima;Lima;Chorrillos;150108;Chorrillos;Ciudad;67.64;380313;-12.17694444;-77.01638889
Lima;Lima;Cieneguilla;150109;Cieneguilla;Pueblo;286.94;41816;-12.12027778;-76.81416667
Lima;Lima;Comas;150110;La Libertad;Pueblo;107.0;600307;-11.95722222;-77.04944444
Lima;Lima;El Agustino;150111;El Agustino;Pueblo;200.0;240130;-12.04833333;-77.00055556
Lima;Lima;Independencia;150112;Independencia;Pueblo;111.05;235535;-11.99722222;-77.05472222
Lima;Lima;Jesús María;150113;Jesús María;Pueblo;142.03;86967;-12.07555556;-77.04333333
Lima;Lima;La Molina;150114;La Molina;Pueblo;262.0;170998;-12.07805556;-76.91666667
Lima;Lima;La Victoria;150115;La Victoria;Ciudad;141.5;190612;-12.065;-77.03083333
Lima;Lima;Lince;150116;Lince;Ciudad;149.8;64730;-12.08444444;-77.03027778
Lima;Lima;Los Olivos;150117;Las Palmeras;Ciudad;66.69;368511;-11.99138889;-77.07083333
Lima;Lima;Lurigancho;150118;Chosica;Pueblo;879.16;327438;-11.93583333;-76.69722222
Lima;Lima;Lurín;150119;Lurín;Pueblo;11.5;120575;-12.27472222;-76.87027778
Lima;Lima;Magdalena Del Mar;150120;Magdalena del Mar;Ciudad;90.131;71558;-12.09166667;-77.06722222
Lima;Lima;Pueblo Libre;150121;Pueblo Libre;Pueblo;114.32;102707;-12.07805556;-77.0625
Lima;Lima;Miraflores;150122;Miraflores;Ciudad;125.03;120252;-12.12166667;-77.02916667
Lima;Lima;Pachacámac;150123;Pachacámac;Pueblo;68.0;167211;-12.18722222;-76.86666667
Lima;Lima;Pucusana;150124;Pucusana;Pueblo;25.6;18906;-12.48166667;-76.7975
Lima;Lima;Puente Piedra;150125;Puente Piedra;Pueblo;187.0;435888;-11.86666667;-77.07694444
Lima;Lima;Punta Hermosa;150126;Punta Hermosa;Pueblo;51.859;25288;-12.33361111;-76.82416667
Lima;Lima;Punta Negra;150127;Punta Negra;Pueblo;42.069;9625;-12.36527778;-76.79555556
Lima;Lima;Rímac;150128;Rímac;Ciudad;153.0;186404;-12.04222222;-77.02694444
Lima;Lima;San Bartolo;150129;San Bartolo;Pueblo;25.0;10071;-12.38916667;-76.78083333
Lima;Lima;San Borja;150130;San Francisco de Borja;Ciudad;170.48;135613;-12.10722222;-76.99888889
Lima;Lima;San Isidro;150131;San Isidro;Ciudad;194.91;71527;-12.09777778;-77.02722222
Lima;Lima;San Juan de Lurigancho;150132;San Juan de Lurigancho;Ciudad;221.71;1282635;-12.02972222;-77.01
Lima;Lima;San Juan de Miraflores;150133;Ciudad de Dios;Ciudad;132.91;433709;-12.16361111;-76.96361111
Lima;Lima;San Luis;150134;San Luis;Ciudad;214.16;56875;-12.07555556;-76.99361111
Lima;Lima;San Martin de Porres;150135;Barrio Obrero Industrial;Ciudad;137.8;802774;-12.03;-77.0575
Lima;Lima;San Miguel;150136;San Miguel;Villa;84.274;189947;-12.09222222;-77.07944444
Lima;Lima;Santa Anita;150137;Santa Anita - Los Ficus;Ciudad;285.26;233865;-12.04388889;-76.97138889
Lima;Lima;Santa María del Mar;150138;Santa María del Mar;Pueblo;51.719;1314;-12.40194444;-76.77333333
Lima;Lima;Santa Rosa;150139;Santa Rosa;Pueblo;72.208;48300;-11.78722222;-77.15694444
Lima;Lima;Santiago de Surco;150140;Santiago de Surco;Pueblo;106.71;437028;-12.145;-77.005
Lima;Lima;Surquillo;150141;Surquillo;Ciudad;124.59;105004;-12.11861111;-77.02166667
Lima;Lima;Villa El Salvador;150142;Villa El Salvador;Ciudad;203.77;442292;-12.21333333;-76.93722222
Lima;Lima;Villa María Del Triunfo;150143;Villa María del Triunfo;Pueblo;209.66;462141;-12.1625;-76.94361111
Lima;Barranca;Barranca;150201;Barranca;Ciudad;74.402;78605;-10.75333333;-77.765
Lima;Barranca;Paramonga;150202;Paramonga;Villa;36.681;21310;-10.67472222;-77.81805556
Lima;Barranca;Pativilca;150203;Pativilca;Villa;95.4;18614;-10.69611111;-77.78027778
Lima;Barranca;Supe;150204;Supe;Villa;69.097;28685;-10.79611111;-77.71611111
Lima;Barranca;Supe Puerto;150205;Supe Puerto;Villa;41.163;14488;-10.80166667;-77.74472222
Lima;Cajatambo;Cajatambo;150301;Cajatambo;Ciudad;3395.8;1816;-10.47305556;-76.99305556
Lima;Cajatambo;Copa;150302;Copa;Pueblo;3433.4;801;-10.38638889;-77.07888889
Lima;Cajatambo;Gorgor;150303;Gorgor;Pueblo;3049.0;1484;-10.62111111;-77.04138889
Lima;Cajatambo;Huancapón;150304;Huancapón;Pueblo;3187.1;872;-10.54944444;-77.1125
Lima;Cajatambo;Manas;150305;Manas;Pueblo;2457.1;934;-10.59555556;-77.16722222
Lima;Canta;Canta;150401;Canta;Villa;2867.2;2186;-11.46722222;-76.62444444
Lima;Canta;Arahuay;150402;Arahuay;Pueblo;2533.2;549;-11.62138889;-76.67027778
Lima;Canta;Huamantanga;150403;Huamantanga;Villa;3413.9;596;-11.49916667;-76.74944444
Lima;Canta;Huaros;150404;Huaros;Pueblo;3614.1;731;-11.40666667;-76.57583333
Lima;Canta;Lachaqui;150405;Lachaqui;Villa;3685.5;835;-11.55305556;-76.62555556
Lima;Canta;San Buenaventura;150406;San Buenaventura;Pueblo;2743.1;619;-11.48916667;-76.66222222
Lima;Canta;Santa Rosa de Quives;150407;Yangas;Pueblo;935.9;5728;-11.69527778;-76.84611111
Lima;Cañete;San Vicente de Cañete;150501;San Vicente de Cañete;Ciudad;76.797;67627;-13.07777778;-76.38777778
Lima;Cañete;Asia;150502;Asia;Pueblo;68.7;11909;-12.77916667;-76.55666667
Lima;Cañete;Calango;150503;Calango;Pueblo;323.0;2473;-12.52638889;-76.54361111
Lima;Cañete;Cerro Azul;150504;Cerro Azul;Pueblo;16.9;10654;-13.025;-76.47888889
Lima;Cañete;Chilca;150505;Chilca;Pueblo;31.3;28336;-12.51805556;-76.73805556
Lima;Cañete;Coayllo;150506;Coayllo;Pueblo;284.8;1151;-12.72722222;-76.46027778
Lima;Cañete;Imperial;150507;Imperial;Pueblo;112.4;40656;-13.06055556;-76.35277778
Lima;Cañete;Lunahuana;150508;Lunahuana;Villa;498.2;3921;-12.97055556;-76.15111111
Lima;Cañete;Mala;150509;Mala;Pueblo;58.408;36780;-12.6575;-76.6325
Lima;Cañete;Nuevo Imperial;150510;Nuevo Imperial;Pueblo;169.1;32838;-13.07555556;-76.31666667
Lima;Cañete;Pacarán;150511;Pacarán;Pueblo;720.7;1767;-12.86611111;-76.05416667
Lima;Cañete;Quilmana;150512;Quilmana;Pueblo;184.8;17285;-12.94944444;-76.38277778
Lima;Cañete;San Antonio;150513;San Antonio;Pueblo;66.7;5049;-12.64222222;-76.64944444
Lima;Cañete;San Luis;150514;San Luis;Pueblo;35.8;13616;-13.05111111;-76.43111111
Lima;Cañete;Santa Cruz de Flores;150515;Santa Cruz de Flores;Pueblo;110.5;3465;-12.61972222;-76.63972222
Lima;Cañete;Zuñiga;150516;Zuñiga;Pueblo;826.8;1265;-12.86027778;-76.0225
Lima;Huaral;Huaral;150601;Huaral;Ciudad;194.5;114661;-11.49527778;-77.20694444
Lima;Huaral;Atavillos Alto;150602;Pirca;Villa;3292.6;622;-11.23416667;-76.65583333
Lima;Huaral;Atavillos Bajo;150603;San Agustín deHuayopampa;Villa;1885.3;756;-11.35194444;-76.82555556
Lima;Huaral;Aucallama;150604;Aucallama;Pueblo;154.2;23943;-11.55944444;-77.18
Lima;Huaral;Chancay;150605;Chancay;Pueblo;58.099;65886;-11.56305556;-77.27055556
Lima;Huaral;Ihuari;150606;Ihuari;Pueblo;2849.7;1858;-11.18861111;-76.95194444
Lima;Huaral;Lampián;150607;Lampián;Villa;2466.6;277;-11.23777778;-76.83916667
Lima;Huaral;Pacaraos;150608;Pacaraos;Villa;3348.0;1451;-11.18611111;-76.64777778
Lima;Huaral;San Miguel de Acos;150609;Acos;Villa;1590.7;610;-11.27388889;-76.82194444
Lima;Huaral;Santa Cruz de Andamarca;150610;Santa Cruz de Andamarca;Villa;3550.0;696;-11.19472222;-76.63444444
Lima;Huaral;Sumbilca;150611;Sumbilca;Villa;3395.6;641;-11.40666667;-76.81972222
Lima;Huaral;Veintisiete de Noviembre;150612;Carac;Villa;2640.1;348;-11.19222222;-76.77972222
Lima;Huarochirí;Matucana;150701;Matucana;Ciudad;2395.0;3856;-11.845;-76.38611111
Lima;Huarochirí;Antioquía;150702;Antioquía;Pueblo;1572.9;1123;-12.08083333;-76.51083333
Lima;Huarochirí;Callahuanca;150703;Callahuanca;Pueblo;1806.7;583;-11.82638889;-76.61888889
Lima;Huarochirí;Carampoma;150704;Carampoma;Villa;3459.3;291;-11.65638889;-76.51638889
Lima;Huarochirí;Chicla;150705;Chicla;Pueblo;3702.9;2609;-11.70638889;-76.26805556
Lima;Huarochirí;Cuenca;150706;San José de Los Chorrillos;Pueblo;2784.1;476;-12.13222222;-76.43527778
Lima;Huarochirí;Huachupampa;150707;San Lorenzo de Huachupampa;Pueblo;2937.5;470;-11.72111111;-76.58861111
Lima;Huarochirí;Huanza;150708;Huanza;Pueblo;3430.8;674;-11.65611111;-76.50361111
Lima;Huarochirí;Huarochirí;150709;Huarochirí;Ciudad;3170.1;1107;-12.13611111;-76.23194444
Lima;Huarochirí;Lahuaytambo;150710;Lahuaytambo;Pueblo;3361.9;513;-12.09638889;-76.38888889
Lima;Huarochirí;Langa;150711;Langa;Pueblo;2888.6;752;-12.12555556;-76.42111111
Lima;Huarochirí;San Pedro de Laraos;150712;Laraos;Pueblo;3683.3;498;-11.66444444;-76.53944444
Lima;Huarochirí;Mariatana;150713;Mariatana;Pueblo;3560.8;1352;-12.23722222;-76.32611111
Lima;Huarochirí;Ricardo Palma;150714;Ricardo Palma;Villa;974.7;6792;-11.92361111;-76.665
Lima;Huarochirí;San Andrés de Tupicocha;150715;San Andrés de Tupicocha;Pueblo;3321.0;1174;-12.00222222;-76.47472222
Lima;Huarochirí;San Antonio;150716;Chaclla;Pueblo;3455.5;6141;-11.74361111;-76.65
Lima;Huarochirí;San Bartolomé;150717;San Bartolomé;Pueblo;1644.2;986;-11.91194444;-76.52916667
Lima;Huarochirí;San Damian;150718;San Damián;Pueblo;3252.1;1026;-12.01777778;-76.39194444
Lima;Huarochirí;San Juan de Iris;150719;San Juan de Iris;Pueblo;3435.8;606;-11.68305556;-76.525
Lima;Huarochirí;San Juan de Tantaranche;150720;San Juan de Tantaranche;Pueblo;3436.4;314;-12.11361111;-76.1825
Lima;Huarochirí;San Lorenzo de Quinti;150721;San Lorenzo de Quinti;Villa;2682.2;1047;-12.14527778;-76.2125
Lima;Huarochirí;San Mateo;150722;San Mateo;Ciudad;3164.4;3687;-11.75916667;-76.30055556
Lima;Huarochirí;San Mateo de Otao;150723;San Juan de Lanca;Pueblo;2084.4;1200;-11.87027778;-76.54388889
Lima;Huarochirí;San Pedro de Casta;150724;San Pedro de Casta;Villa;3195.9;792;-11.75888889;-76.59638889
Lima;Huarochirí;San Pedro de Huancayre;150725;San Pedro;Pueblo;3139.5;176;-12.13138889;-76.21555556
Lima;Huarochirí;Sangallaya;150726;Sangallaya;Pueblo;2779.4;598;-12.16083333;-76.22888889
Lima;Huarochirí;Santa Cruz de Cocachacra;150727;Cocachacra;Pueblo;1440.2;2651;-11.91166667;-76.53944444
Lima;Huarochirí;Santa Eulalia;150728;Santa Eulalia;Pueblo;1048.1;13755;-11.90166667;-76.66388889
Lima;Huarochirí;Santiago de Anchucaya;150729;Santiago de Anchucaya;Pueblo;3399.8;243;-12.09555556;-76.23055556
Lima;Huarochirí;Santiago de Tuna;150730;Santiago de Tuna;Pueblo;2913.1;317;-11.98388889;-76.52527778
Lima;Huarochirí;Santo Domingo de Los Olleros;150731;Santo Domingo de Los Olleros;Pueblo;2860.5;3406;-12.21888889;-76.51416667
Lima;Huarochirí;Surco;150732;Surco;Pueblo;2049.2;1240;-11.8825;-76.43611111
Lima;Huaura;Huacho;150801;Huacho;Ciudad;46.124;78039;-11.10805556;-77.61027778
Lima;Huaura;Ambar;150802;Ambar;Pueblo;2084.0;1902;-10.75611111;-77.27194444
Lima;Huaura;Caleta de Carquín;150803;Caleta de Carquín;Pueblo;27.715;10206;-11.09166667;-77.62833333
Lima;Huaura;Checras;150804;Maray;Pueblo;3304.7;805;-10.91805556;-76.82555556
Lima;Huaura;Hualmay;150805;Hualmay;Pueblo;46.974;30341;-11.09666667;-77.61305556
Lima;Huaura;Huaura;150806;Huaura;Villa;95.961;40220;-11.06972222;-77.59916667
Lima;Huaura;Leoncio Prado;150807;Santa Cruz;Pueblo;3298.8;2007;-11.06111111;-76.93027778
Lima;Huaura;Paccho;150808;Paccho;Pueblo;3275.0;1401;-10.9575;-76.93333333
Lima;Huaura;Santa Leonor;150809;Jucul;Pueblo;3582.7;829;-10.94861111;-76.745
Lima;Huaura;Santa María;150810;Cruz Blanca;Pueblo;83.078;42130;-11.09666667;-77.595
Lima;Huaura;Sayán;150811;Sayán;Pueblo;688.9;26547;-11.13527778;-77.19361111
Lima;Huaura;Vegueta;150812;Vegueta;Villa;40.1;31159;-11.02333333;-77.64388889
Lima;Oyón;Oyón;150901;Oyón;Villa;3648.2;11799;-10.66805556;-76.77333333
Lima;Oyón;Andajes;150902;Andajes;Pueblo;3504.9;399;-10.79277778;-76.90916667
Lima;Oyón;Caujul;150903;Caujul;Pueblo;3184.8;434;-10.80583333;-76.97916667
Lima;Oyón;Cochamarca;150904;Cochamarca;Pueblo;3491.6;916;-10.86333333;-77.12888889
Lima;Oyón;Naván;150905;Naván;Pueblo;3131.1;767;-10.83777778;-77.01444444
Lima;Oyón;Pachangara;150906;Churin;Villa;2282.9;2137;-10.81111111;-76.875
Lima;Yauyos;Yauyos;151001;Yauyos;Ciudad;2895.3;1090;-12.45972222;-75.91833333
Lima;Yauyos;Alis;151002;Alis;Pueblo;3285.0;1468;-12.28111111;-75.78638889
Lima;Yauyos;Allauca;151003;Allauca;Pueblo;3150.9;903;-12.59111111;-76.03694444
Lima;Yauyos;Ayaviri;151004;Ayaviri;Pueblo;3263.0;454;-12.3825;-76.13694444
Lima;Yauyos;Azángaro;151005;Azángaro;Pueblo;3435.3;359;-13.0;-75.83722222
Lima;Yauyos;Cacra;151006;Cacra;Pueblo;2788.2;516;-12.8125;-75.78305556
Lima;Yauyos;Carania;151007;Carania;Pueblo;3846.3;128;-12.34555556;-75.86944444
Lima;Yauyos;Catahuasi;151008;Catahuasi;Pueblo;1203.0;1055;-12.79944444;-75.89138889
Lima;Yauyos;Chocos;151009;Chocos;Pueblo;2732.6;686;-12.91444444;-75.86277778
Lima;Yauyos;Cochas;151010;Cochas;Pueblo;2851.1;191;-12.29416667;-76.1575
Lima;Yauyos;Colonia;151011;Colonia;Villa;3399.4;990;-12.63388889;-75.89027778
Lima;Yauyos;Hongos;151012;Hongos;Pueblo;3215.2;288;-12.81083333;-75.76527778
Lima;Yauyos;Huampara;151013;Huampara;Pueblo;2501.0;109;-12.36027778;-76.16722222
Lima;Yauyos;Huancaya;151014;Huancaya;Pueblo;3591.1;411;-12.20333333;-75.79916667
Lima;Yauyos;Huangascar;151015;Huangascar;Pueblo;2528.7;635;-12.89944444;-75.83194444
Lima;Yauyos;Huantan;151016;Huantan;Pueblo;3314.6;959;-12.45638889;-75.81166667
Lima;Yauyos;Huañec;151017;Huañec;Ciudad;3222.4;438;-12.29388889;-76.13861111
Lima;Yauyos;Laraos;151018;Laraos;Pueblo;3492.2;426;-12.34666667;-75.78583333
Lima;Yauyos;Lincha;151019;Lincha;Pueblo;3516.3;330;-12.79972222;-75.66666667
Lima;Yauyos;Madean;151020;Madean;Pueblo;3291.8;460;-12.94444444;-75.77722222
Lima;Yauyos;Miraflores;151021;Miraflores;Pueblo;3677.1;162;-12.27444444;-75.85027778
Lima;Yauyos;Omas;151022;Omas;Villa;1572.0;611;-12.51472222;-76.28944444
Lima;Yauyos;Putinza;151023;San Lorenzo de Putinza;Villa;1985.3;546;-12.66805556;-75.94944444
Lima;Yauyos;Quinches;151024;Quinches;Ciudad;2980.7;443;-12.30777778;-76.14333333
Lima;Yauyos;Quinocay;151025;Quinocay;Pueblo;2672.0;360;-12.36222222;-76.22638889
Lima;Yauyos;San Joaquín;151026;San Joaquín;Pueblo;2959.5;131;-12.28388889;-76.14694444
Lima;Yauyos;San Pedro de Pilas;151027;San Pedro de Pilas;Pueblo;2677.6;228;-12.45444444;-76.22694444
Lima;Yauyos;Tanta;151028;Tanta;Pueblo;4293.2;511;-12.12222222;-76.01333333
Lima;Yauyos;Tauripampa;151029;Tauripampa;Pueblo;3525.5;468;-12.61722222;-76.16194444
Lima;Yauyos;Tomás;151030;Tomás;Villa;3579.9;375;-12.23777778;-75.745
Lima;Yauyos;Tupe;151031;Tupe;Pueblo;2840.6;445;-12.74111111;-75.80944444
Lima;Yauyos;Viñac;151032;Viñac;Pueblo;3315.3;1584;-12.93111111;-75.78
Lima;Yauyos;Vitis;151033;Vitis;Pueblo;3625.2;215;-12.22388889;-75.80805556
Loreto;Maynas;Iquitos;160101;Iquitos;Ciudad;106.9;165248;-3.74805556;-73.24416667
Loreto;Maynas;Alto Nanay;160102;Santa María de Nanay;Pueblo;114.8;3486;-3.88833333;-73.6975
Loreto;Maynas;Fernando Lores;160103;Tamshiyacu;Pueblo;128.7;12507;-4.00166667;-73.15694444
Loreto;Maynas;Indiana;160104;Indiana;Pueblo;98.4;11343;-3.50027778;-73.04111111
Loreto;Maynas;Las Amazonas;160105;Francisco de Orellana;Pueblo;100.0;7752;-3.42305556;-72.76444444
Loreto;Maynas;Mazan;160106;Mazan;Pueblo;106.0;14275;-3.48861111;-73.08166667
Loreto;Maynas;Napo;160107;Santa Clotilde;Pueblo;142.2;18416;-2.48916667;-73.67611111
Loreto;Maynas;Punchana;160108;Punchana;Villa;123.95;92404;-3.72861111;-73.24194444
Loreto;Maynas;Torres Causana;160110;Pantoja;Pueblo;195.7;5078;-0.97055556;-75.17416667
Loreto;Maynas;Belén;160112;Belén;Villa;115.56;71401;-3.76916667;-73.26
Loreto;Maynas;San Juan Bautista;160113;San Juan;Villa;120.1;167766;-3.77027778;-73.28027778
Loreto;Alto Amazonas;Yurimaguas;160201;Yurimaguas;Ciudad;150.14;115218;-5.88416667;-76.12805556
Loreto;Alto Amazonas;Balsapuerto;160202;Balsapuerto;Pueblo;220.22;17826;-5.83333333;-76.55972222
Loreto;Alto Amazonas;Jeberos;160205;Jeberos;Pueblo;146.1;4782;-5.29083333;-76.28333333
Loreto;Alto Amazonas;Lagunas;160206;Lagunas;Villa;118.5;13811;-5.22388889;-75.675
Loreto;Alto Amazonas;Santa Cruz;160210;Santa Cruz;Pueblo;130.6;4327;-5.51333333;-75.85888889
Loreto;Alto Amazonas;Teniente César López Rojas;160211;Shucushuyacu;Pueblo;148.9;6312;-6.02555556;-75.87416667
Loreto;Loreto;Nauta;160301;Nauta;Ciudad;126.7;34827;-4.50138889;-73.56944444
Loreto;Loreto;Parinari;160302;Parinari;Pueblo;106.0;5756;-4.63166667;-74.46305556
Loreto;Loreto;Tigre;160303;Intutu;Pueblo;131.0;7686;-3.48972222;-74.78166667
Loreto;Loreto;Trompeteros;160304;Villa Trompeteros;Pueblo;130.7;11703;-3.805;-75.06055556
Loreto;Loreto;Urarinas;160305;Concordia;Pueblo;100.4;14377;-4.5875;-74.76722222
Loreto;Mariscal Ramón Castilla;Ramón Castilla;160401;Caballococha;Ciudad;85.9;25631;-3.90611111;-70.51694444
Loreto;Mariscal Ramón Castilla;Pebas;160402;Pebas;Pueblo;117.1;12138;-3.32027778;-71.86194444
Loreto;Mariscal Ramón Castilla;Yavari;160403;Amelia;Pueblo;75.2;9808;-4.35361111;-70.04166667
Loreto;Mariscal Ramón Castilla;San Pablo;160404;San Pablo de Loreto;Pueblo;84.5;12829;-4.02027778;-71.10305556
Loreto;Requena;Requena;160501;Requena;Pueblo;116.31;28300;-5.06388889;-73.85666667
Loreto;Requena;Alto Tapiche;160502;Santa Elena;Pueblo;123.0;1493;-6.02555556;-74.09416667
Loreto;Requena;Capelo;160503;Flor de Punga;Pueblo;112.2;1950;-5.40527778;-74.15777778
Loreto;Requena;Emilio San Martín;160504;Tamanco;Pueblo;107.7;6714;-5.79361111;-74.28388889
Loreto;Requena;Maquia;160505;Santa Isabel;Pueblo;107.7;8825;-5.74972222;-74.53777778
Loreto;Requena;Puinahua;160506;Bretaña;Pueblo;112.5;4293;-5.25555556;-74.34555556
Loreto;Requena;Saquena;160507;Bagazan;Pueblo;106.2;2800;-4.725;-73.53305556
Loreto;Requena;Soplin;160508;Nueva Alejandria (Curinga);Pueblo;118.4;719;-6.00777778;-73.6925
Loreto;Requena;Tapiche;160509;Iberia;Pueblo;107.5;903;-5.69361111;-74.13777778
Loreto;Requena;Jenaro Herrera;160510;Jenaro Herrera;Villa;116.0;4992;-4.90361111;-73.67055556
Loreto;Requena;Yaquerana;160511;Angamos;Pueblo;90.4;2173;-5.14888889;-72.87527778
Loreto;Ucayali;Contamana;160601;Contamana;Ciudad;138.2;29867;-7.35055556;-75.00972222
Loreto;Ucayali;Inahuaya;160602;Inahuaya;Pueblo;140.0;1624;-7.11694444;-75.2625
Loreto;Ucayali;Padre Márquez;160603;Tiruntan;Pueblo;138.6;2858;-7.94666667;-74.84083333
Loreto;Ucayali;Pampa Hermosa;160604;Pampa Hermosa;Pueblo;110.5;5860;-7.19638889;-75.29444444
Loreto;Ucayali;Sarayacu;160605;Dos de Mayo;Pueblo;121.7;15360;-6.39305556;-75.11694444
Loreto;Ucayali;Vargas Guerra;160606;Orellana;Pueblo;129.0;7377;-6.91111111;-75.15888889
Loreto;Datem del Marañón;Barranca;160701;San Lorenzo;Ciudad;133.9;16939;-4.83111111;-76.555
Loreto;Datem del Marañón;Cahuapanas;160702;Santa Maria de Cahuapanas;Pueblo;161.5;8168;-5.24916667;-77.04138889
Loreto;Datem del Marañón;Manseriche;160703;Saramiriza;Villa;155.2;9561;-4.56361111;-77.41722222
Loreto;Datem del Marañón;Morona;160704;Puerto Alegria;Pueblo;144.3;4042;-4.32638889;-77.21611111
Loreto;Datem del Marañón;Pastaza;160705;Ullpayacu;Pueblo;137.3;6058;-4.65111111;-76.5875
Loreto;Datem del Marañón;Andoas;160706;Alianza Cristiana;Pueblo;172.0;17102;-3.47555556;-76.43361111
Loreto;Putumayo;Putumayo;160801;San Antonio del Estrecho;Villa;130.5;4513;-2.44694444;-72.66805556
Loreto;Putumayo;Rosa Panduro;160802;Santa Mercedes;Pueblo;131.8;586;-1.78861111;-73.41305556
Loreto;Putumayo;Teniente Manuel Clavero;160803;Soplin Vargas;Pueblo;185.4;2057;-0.37333333;-74.67583333
Loreto;Putumayo;Yaguas;160804;Remanso;Pueblo;94.4;1654;-2.40805556;-71.17666667
Madre de Dios;Tambopata;Tambopata;170101;Puerto Maldonado;Pueblo;204.3;116785;-12.59361111;-69.17666667
Madre de Dios;Tambopata;Inambari;170102;Mazuko;Pueblo;350.6;18646;-13.10138889;-70.37166667
Madre de Dios;Tambopata;Las Piedras;170103;Las Piedras (Planchon);Pueblo;239.3;26294;-12.27916667;-69.15027778
Madre de Dios;Tambopata;Laberinto;170104;Puerto Rosario de Laberinto;Villa;191.5;7020;-12.71722222;-69.58666667
Madre de Dios;Manu;Manu;170201;Salvación;Villa;534.6;2242;-12.83722222;-71.36527778
Madre de Dios;Manu;Fitzcarrald;170202;Boca Manu;Pueblo;282.3;1613;-12.26527778;-70.91
Madre de Dios;Manu;Madre de Dios;170203;Boca Colorado;Villa;246.3;6141;-12.61861111;-70.39416667
Madre de Dios;Manu;Huepetuhe;170204;Huepetuhe;Villa;444.3;11281;-12.99361111;-70.52722222
Madre de Dios;Tahuamanu;Iñapari;170301;Iñapari;Ciudad;238.3;3632;-10.945;-69.57666667
Madre de Dios;Tahuamanu;Iberia;170302;Iberia;Ciudad;268.4;5554;-11.41083333;-69.48694444
Madre de Dios;Tahuamanu;Tahuamanu;170303;San Lorenzo;Pueblo;260.6;3861;-11.45472222;-69.32138889
Moquegua;Mariscal Nieto;Moquegua;180101;Moquegua;Ciudad;1427.7;49643;-17.19416667;-70.93333333
Moquegua;Mariscal Nieto;Carumas;180102;Carumas;Pueblo;3053.8;2065;-16.80916667;-70.69472222
Moquegua;Mariscal Nieto;Cuchumbaya;180103;Cuchumbaya;Pueblo;3155.5;648;-16.75083333;-70.68611111
Moquegua;Mariscal Nieto;Samegua;180104;Samegua;Pueblo;1614.6;10503;-17.18222222;-70.90027778
Moquegua;Mariscal Nieto;San Cristóbal;180105;Calacoa;Pueblo;3471.7;1349;-16.73916667;-70.68333333
Moquegua;Mariscal Nieto;Torata;180106;Torata;Villa;2203.4;6658;-17.07666667;-70.84416667
Moquegua;Mariscal Nieto;San Antonio;180107;San Antonio;Ciudad;1380.0;30152;-17.20777778;-70.95036111
Moquegua;General Sánchez Cerro;Omate;180201;Omate;Villa;2168.7;2861;-16.67361111;-70.97055556
Moquegua;General Sánchez Cerro;Chojata;180202;Chojata;Pueblo;3634.3;438;-16.38833333;-70.73027778
Moquegua;General Sánchez Cerro;Coalaque;180203;Coalaque;Pueblo;2300.4;873;-16.64888889;-71.02166667
Moquegua;General Sánchez Cerro;Ichuña;180204;Ichuña;Pueblo;3794.0;2732;-16.14055556;-70.53555556
Moquegua;General Sánchez Cerro;La Capilla;180205;La Capilla;Pueblo;1816.5;374;-16.75666667;-71.17916667
Moquegua;General Sánchez Cerro;Lloque;180206;Lloque;Pueblo;3324.6;352;-16.32388889;-70.73861111
Moquegua;General Sánchez Cerro;Matalaque;180207;Matalaque;Pueblo;2577.1;295;-16.48111111;-70.82666667
Moquegua;General Sánchez Cerro;Puquina;180208;Puquina;Villa;3091.7;2339;-16.62527778;-71.18388889
Moquegua;General Sánchez Cerro;Quinistaquillas;180209;Quinistaquillas;Pueblo;1789.2;365;-16.74888889;-70.88027778
Moquegua;General Sánchez Cerro;Ubinas;180210;Ubinas;Pueblo;3394.8;1186;-16.38666667;-70.85555556
Moquegua;General Sánchez Cerro;Yunga;180211;Yunga;Pueblo;3618.8;657;-16.195;-70.67777778
Moquegua;Ilo;Ilo;180301;Ilo;Ciudad;33.352;72975;-17.625;-71.34333333
Moquegua;Ilo;El Algarrobal;180302;El Algarrobal;Pueblo;136.42;12014;-17.62277778;-71.26833333
Moquegua;Ilo;Pacocha;180303;Pueblo Nuevo;Pueblo;76.761;4467;-17.61083333;-71.34027778
Pasco;Pasco;Chaupimarca;190101;Cerro de Pasco;Ciudad;4373.3;25420;-10.6825;-76.25694444
Pasco;Pasco;Huachón;190102;Huachón;Pueblo;3399.6;4471;-10.63638889;-75.95111111
Pasco;Pasco;Huariaca;190103;Huariaca;Ciudad;2985.9;6360;-10.43916667;-76.19166667
Pasco;Pasco;Huayllay;190104;Huayllay;Pueblo;4341.2;8762;-11.00194444;-76.36472222
Pasco;Pasco;Ninacaca;190105;Ninacaca;Pueblo;4172.0;4157;-10.85555556;-76.11305556
Pasco;Pasco;Pallanchacra;190106;Pallanchacra;Pueblo;3125.7;1048;-10.41527778;-76.23555556
Pasco;Pasco;Paucartambo;190107;Paucartambo;Pueblo;2953.9;6536;-10.77444444;-75.81333333
Pasco;Pasco;San Francisco de Asís de Yarusyacán;190108;Yarusyacán;Pueblo;3785.2;2503;-10.49;-76.19611111
Pasco;Pasco;Simón Bolívar;190109;San Antonio de Rancas;Pueblo;4233.9;11977;-10.68916667;-76.31638889
Pasco;Pasco;Ticlacayan;190110;Ticlacayan;Villa;3542.5;1778;-10.535;-76.16416667
Pasco;Pasco;Tinyahuarco;190111;Tinyahuarco (Smelter);Villa;4280.6;7582;-10.76972222;-76.27694444
Pasco;Pasco;Vicco;190112;Vicco;Pueblo;4127.7;4156;-10.83833333;-76.23833333
Pasco;Pasco;Yanacancha;190113;Yanacancha;Pueblo;4393.5;30833;-10.66333333;-76.25305556
Pasco;Daniel Alcides Carrión;Yanahuanca;190201;Yanahuanca;Ciudad;3203.2;9922;-10.49138889;-76.51638889
Pasco;Daniel Alcides Carrión;Chacayan;190202;Chacayan;Pueblo;3385.3;1285;-10.43444444;-76.43722222
Pasco;Daniel Alcides Carrión;Goyllarisquizga;190203;Goyllarisquizga;Pueblo;4202.2;1109;-10.47305556;-76.40833333
Pasco;Daniel Alcides Carrión;Paucar;190204;Paucar;Pueblo;3381.3;1532;-10.37111111;-76.44333333
Pasco;Daniel Alcides Carrión;San Pedro de Pillao;190205;San Pedro de Pillao;Pueblo;3648.0;1195;-10.43888889;-76.49527778
Pasco;Daniel Alcides Carrión;Santa Ana de Tusi;190206;Santa Ana de Tusi;Pueblo;3785.9;25017;-10.4725;-76.35361111
Pasco;Daniel Alcides Carrión;Tapuc;190207;Tapuc;Villa;3712.7;1633;-10.45472222;-76.4625
Pasco;Daniel Alcides Carrión;Vilcabamba;190208;Vilcabamba;Villa;3459.0;2114;-10.47861111;-76.44694444
Pasco;Oxapampa;Oxapampa;190301;Oxapampa;Ciudad;1832.4;18061;-10.575;-75.40472222
Pasco;Oxapampa;Chontabamba;190302;Chontabamba;Pueblo;1849.4;7111;-10.60222222;-75.43888889
Pasco;Oxapampa;Huancabamba;190303;Huancabamba;Pueblo;1769.1;7240;-10.42611111;-75.52388889
Pasco;Oxapampa;Palcazu;190304;Iscozacin;Pueblo;301.8;7650;-10.18416667;-75.14805556
Pasco;Oxapampa;Pozuzo;190305;Pozuzo;Villa;749.6;3600;-10.07111111;-75.55027778
Pasco;Oxapampa;Puerto Bermúdez;190306;Puerto Bermúdez;Pueblo;281.3;23240;-10.29916667;-74.93722222
Pasco;Oxapampa;Villa Rica;190307;Villa Rica;Ciudad;1551.0;18278;-10.73916667;-75.27583333
Pasco;Oxapampa;Constitución;190308;Constitución;Villa;246.5;18784;-9.85638889;-75.01694444
Piura;Piura;Piura;200101;Piura;Ciudad;56.8;194198;-5.1525;-80.65777778
Piura;Piura;Castilla;200104;Castilla;Villa;35.376;205967;-5.20138889;-80.62277778
Piura;Piura;Catacaos;200105;Catacaos;Ciudad;35.2;84928;-5.26722222;-80.6725
Piura;Piura;Cura Mori;200107;Cucungara;Pueblo;35.1;20806;-5.32361111;-80.66555556
Piura;Piura;El Tallán;200108;Sinchao;Pueblo;21.4;5670;-5.40916667;-80.68111111
Piura;Piura;La Arena;200109;La Arena;Villa;32.5;42909;-5.34305556;-80.70361111
Piura;Piura;La Unión;200110;La Unión;Villa;26.979;46764;-5.38833333;-80.73722222
Piura;Piura;Las Lomas;200111;Las Lomas;Villa;256.7;29538;-4.65;-80.23916667
Piura;Piura;Tambo Grande;200114;Tambo Grande;Villa;76.48;132980;-4.92805556;-80.33722222
Piura;Piura;Veintiséis de Octubre;200115;San Martín;Ciudad;52.72;210015;-5.17916667;-80.67805556
Piura;Ayabaca;Ayabaca;200201;Ayabaca;Ciudad;2735.0;31040;-4.64055556;-79.71527778
Piura;Ayabaca;Frías;200202;Frías;Pueblo;1702.9;20914;-4.93166667;-79.9475
Piura;Ayabaca;Jilili;200203;Jilili;Pueblo;1311.0;2591;-4.58472222;-79.79722222
Piura;Ayabaca;Lagunas;200204;Lagunas;Pueblo;2219.4;5567;-4.78916667;-79.845
Piura;Ayabaca;Montero;200205;Montero;Pueblo;1058.0;6416;-4.63222222;-79.82888889
Piura;Ayabaca;Pacaipampa;200206;Pacaipampa;Pueblo;1979.8;22870;-4.99555556;-79.66777778
Piura;Ayabaca;Paimas;200207;Paimas;Pueblo;597.5;10768;-4.6275;-79.94555556
Piura;Ayabaca;Sapillica;200208;Sapillica;Pueblo;1464.2;10957;-4.77916667;-79.98222222
Piura;Ayabaca;Sicchez;200209;Sicchez;Pueblo;1451.8;1455;-4.57;-79.76388889
Piura;Ayabaca;Suyo;200210;Suyo;Pueblo;417.1;12125;-4.51277778;-80.0025
Piura;Huancabamba;Huancabamba;200301;Huancabamba;Ciudad;1955.2;29268;-5.23861111;-79.45027778
Piura;Huancabamba;Canchaque;200302;Canchaque;Pueblo;1152.3;7175;-5.37583333;-79.60555556
Piura;Huancabamba;El Carmen de La Frontera;200303;Sapalache;Pueblo;2472.1;11500;-5.14833333;-79.42833333
Piura;Huancabamba;Huarmaca;200304;Huarmaca;Villa;2187.6;36849;-5.56805556;-79.52444444
Piura;Huancabamba;Lalaquiz;200305;Tunal;Pueblo;972.0;3873;-5.21583333;-79.68
Piura;Huancabamba;San Miguel de El Faique;200306;San Miguel de El Faique;Pueblo;1258.5;9543;-5.40194444;-79.60611111
Piura;Huancabamba;Sondor;200307;Sondor;Pueblo;2002.8;7091;-5.31555556;-79.40972222
Piura;Huancabamba;Sondorillo;200308;Sondorillo;Pueblo;1885.9;11471;-5.33944444;-79.42861111
Piura;Morropón;Chulucanas;200401;Chulucanas;Ciudad;134.85;93041;-5.09722222;-80.16027778
Piura;Morropón;Buenos Aires;200402;Buenos Aires;Pueblo;154.1;10747;-5.26694444;-79.96694444
Piura;Morropón;Chalaco;200403;Chalaco;Villa;2260.9;7048;-5.04111111;-79.79555556
Piura;Morropón;La Matanza;200404;La Matanza;Villa;126.0;15843;-5.21361111;-80.09055556
Piura;Morropón;Morropón;200405;Morropón;Villa;151.1;16724;-5.18611111;-79.96916667
Piura;Morropón;Salitral;200406;Salitral;Pueblo;174.9;9321;-5.34194444;-79.83361111
Piura;Morropón;San Juan de Bigote;200407;Bigote;Pueblo;200.6;6619;-5.31944444;-79.78611111
Piura;Morropón;Santa Catalina de Mossa;200408;Paltashaco;Pueblo;881.4;3633;-5.10277778;-79.885
Piura;Morropón;Santo Domingo;200409;Santo Domingo;Villa;1489.6;5309;-5.02944444;-79.87583333
Piura;Morropón;Yamango;200410;Yamango;Pueblo;1191.8;8300;-5.18083333;-79.75111111
Piura;Paita;Paita;200501;Paita;Ciudad;71.1;113706;-5.09305556;-81.09944444
Piura;Paita;Amotape;200502;Amotape;Villa;22.9;2611;-4.88194444;-81.01527778
Piura;Paita;Arenal;200503;Arenal;Pueblo;36.6;1287;-4.88361111;-81.02638889
Piura;Paita;Colan;200504;San Lucas (Pueblo Nuevo de Colan);Pueblo;24.6;17972;-4.90055556;-81.05638889
Piura;Paita;La Huaca;200505;La Huaca;Villa;33.2;14980;-4.91027778;-80.96138889
Piura;Paita;Tamarindo;200506;Tamarindo;Pueblo;33.4;5666;-4.87833333;-80.97583333
Piura;Paita;Vichayal;200507;San Felipe de Vichayal;Pueblo;27.0;6566;-4.86416667;-81.07305556
Piura;Sullana;Sullana;200601;Sullana;Ciudad;76.2;198198;-4.89055556;-80.68777778
Piura;Sullana;Bellavista;200602;Bellavista;Pueblo;76.6;39761;-4.89;-80.68027778
Piura;Sullana;Ignacio Escudero;200603;San Jacinto;Pueblo;38.7;22714;-4.84611111;-80.87305556
Piura;Sullana;Lancones;200604;Lancones;Pueblo;156.3;13395;-4.63277778;-80.54555556
Piura;Sullana;Marcavelica;200605;Marcavelica;Pueblo;52.9;33956;-4.88166667;-80.70361111
Piura;Sullana;Miguel Checa;200606;Sojo;Pueblo;62.3;10965;-4.90027778;-80.81472222
Piura;Sullana;Querecotillo;200607;Querecotillo;Villa;65.5;29150;-4.83916667;-80.64833333
Piura;Sullana;Salitral;200608;Salitral;Pueblo;64.7;8093;-4.85694444;-80.68083333
Piura;Talara;Pariñas;200701;Talara;Pueblo;23.11;109593;-4.57944444;-81.26944444
Piura;Talara;El Alto;200702;El Alto;Pueblo;276.0;9467;-4.26861111;-81.22138889
Piura;Talara;La Brea;200703;Negritos;Pueblo;7.6;13420;-4.65472222;-81.30583333
Piura;Talara;Lobitos;200704;Lobitos;Pueblo;30.8;1367;-4.45694444;-81.285
Piura;Talara;Los Órganos;200705;Los Órganos;Ciudad;6.8;12186;-4.17916667;-81.12944444
Piura;Talara;Máncora;200706;Máncora;Pueblo;7.7;15088;-4.10694444;-81.05388889
Piura;Sechura;Sechura;200801;Sechura;Ciudad;12.3;58157;-5.55722222;-80.82222222
Piura;Sechura;Bellavista de La Unión;200802;Bellavista;Pueblo;22.9;5702;-5.44027778;-80.755
Piura;Sechura;Bernal;200803;Bernal;Villa;21.8;8325;-5.45888889;-80.74194444
Piura;Sechura;Cristo Nos Valga;200804;San Cristo;Pueblo;24.8;5577;-5.49305556;-80.74111111
Piura;Sechura;Vice;200805;Vice;Villa;22.6;19717;-5.42222222;-80.77638889
Piura;Sechura;Rinconada Llicuar;200806;Dos Pueblos;Pueblo;25.5;3258;-5.46361111;-80.76527778
Puno;Puno;Puno;210101;Puno;Ciudad;3847.6;140967;-15.84027778;-70.02805556
Puno;Puno;Acora;210102;Acora;Villa;3848.0;19579;-15.97361111;-69.79777778
Puno;Puno;Amantani;210103;Amantani;Pueblo;3870.8;2851;-15.65722222;-69.71833333
Puno;Puno;Atuncolla;210104;Atuncolla;Pueblo;3844.0;4100;-15.68833333;-70.14388889
Puno;Puno;Capachica;210105;Capachica;Pueblo;3871.9;5398;-15.64166667;-69.83083333
Puno;Puno;Chucuito;210106;Chucuito;Pueblo;3892.5;6506;-15.89472222;-69.88944444
Puno;Puno;Coata;210107;Coata;Pueblo;3838.6;6083;-15.57138889;-69.95055556
Puno;Puno;Huata;210108;Huata;Pueblo;3863.3;2008;-15.615;-69.97138889
Puno;Puno;Mañazo;210109;Mañazo;Pueblo;3948.5;4805;-15.80111111;-70.34333333
Puno;Puno;Paucarcolla;210110;Paucarcolla;Pueblo;3863.7;3792;-15.74555556;-70.05611111
Puno;Puno;Pichacani;210111;Laraqueri;Pueblo;3962.0;5954;-16.15;-70.06333333
Puno;Puno;Platería;210112;Platería;Villa;3834.6;6350;-15.94833333;-69.83333333
Puno;Puno;San Antonio;210113;San Antonio de Esquilache;Pueblo;4330.4;2491;-16.14055556;-70.34388889
Puno;Puno;Tiquillaca;210114;Tiquillaca;Pueblo;3911.5;1336;-15.79694444;-70.18666667
Puno;Puno;Vilque;210115;Vilque;Pueblo;3878.4;2667;-15.76666667;-70.25888889
Puno;Azángaro;Azángaro;210201;Azángaro;Ciudad;3877.9;32909;-14.90805556;-70.19555556
Puno;Azángaro;Achaya;210202;Achaya;Pueblo;3867.9;2434;-15.28472222;-70.16111111
Puno;Azángaro;Arapa;210203;Arapa;Pueblo;3845.5;6702;-15.13888889;-70.11
Puno;Azángaro;Asillo;210204;Asillo;Villa;3926.5;13486;-14.78638889;-70.35361111
Puno;Azángaro;Caminaca;210205;Caminaca;Pueblo;3857.4;2730;-15.32472222;-70.07277778
Puno;Azángaro;Chupa;210206;Chupa;Pueblo;3847.2;3948;-15.10583333;-69.98722222
Puno;Azángaro;José Domingo Choquehuanca;210207;Estación de Pucara;Pueblo;3887.0;4641;-15.03388889;-70.33805556
Puno;Azángaro;Muñani;210208;Muñani;Pueblo;3924.8;6647;-14.77083333;-69.95555556
Puno;Azángaro;Potoni;210209;Potoni;Pueblo;4133.1;2773;-14.39;-70.105
Puno;Azángaro;Saman;210210;Saman;Pueblo;3836.4;7381;-15.29194444;-70.01722222
Puno;Azángaro;San Antón;210211;San Antón;Pueblo;3971.1;6791;-14.58388889;-70.31722222
Puno;Azángaro;San José;210212;San José;Pueblo;4093.9;4590;-14.68027778;-70.16
Puno;Azángaro;San Juan de Salinas;210213;San Juan de Salinas;Pueblo;3840.7;2531;-14.99138889;-70.10611111
Puno;Azángaro;Santiago de Pupuja;210214;Santiago de Pupuja;Pueblo;3933.3;4111;-15.05277778;-70.27805556
Puno;Azángaro;Tirapata;210215;Tirapata;Pueblo;3903.1;2924;-14.955;-70.40277778
Puno;Carabaya;Macusani;210301;Macusani;Pueblo;4310.9;15035;-14.06861111;-70.43111111
Puno;Carabaya;Ajoyani;210302;Ajoyani;Pueblo;4271.8;2668;-14.22944444;-70.22361111
Puno;Carabaya;Ayapata;210303;Ayapata;Pueblo;3481.1;9559;-13.77666667;-70.32277778
Puno;Carabaya;Coasa;210304;Coasa;Pueblo;3767.9;4387;-13.98916667;-70.01583333
Puno;Carabaya;Corani;210305;Corani;Pueblo;4039.2;5125;-13.86861111;-70.60444444
Puno;Carabaya;Crucero;210306;Crucero;Pueblo;4146.3;10655;-14.36166667;-70.02361111
Puno;Carabaya;Ituata;210307;Ituata;Pueblo;3787.4;9451;-13.87638889;-70.21388889
Puno;Carabaya;Ollachea;210308;Ollachea;Pueblo;2746.1;7112;-13.79388889;-70.4725
Puno;Carabaya;San Gabán;210309;Lanlacuni Bajo;Pueblo;641.1;9552;-13.43833333;-70.40277778
Puno;Carabaya;Usicayos;210310;Usicayos;Pueblo;3780.9;7060;-14.12527778;-69.9675
Puno;Chucuito;Juli;210401;Juli;Ciudad;3877.6;19931;-16.21277778;-69.45944444
Puno;Chucuito;Desaguadero;210402;Desaguadero;Pueblo;3848.9;11554;-16.56444444;-69.03944444
Puno;Chucuito;Huacullani;210403;Huacullani;Pueblo;3945.4;7223;-16.63055556;-69.32194444
Puno;Chucuito;Kelluyo;210404;Kelluyo;Pueblo;3857.6;4458;-16.72694444;-69.25027778
Puno;Chucuito;Pisacoma;210405;Pisacoma;Pueblo;3932.4;7190;-16.90861111;-69.37138889
Puno;Chucuito;Pomata;210406;Pomata;Pueblo;3877.5;13228;-16.27361111;-69.29277778
Puno;Chucuito;Zepita;210407;Zepita;Pueblo;3836.4;17133;-16.49694444;-69.10333333
Puno;El Collao;Ilave;210501;Ilave;Ciudad;3907.2;46289;-16.08694444;-69.63805556
Puno;El Collao;Capazo;210502;Capazo;Pueblo;4401.9;909;-17.18388889;-69.74444444
Puno;El Collao;Pilcuyo;210503;Pilcuyo;Pueblo;3841.0;9679;-16.11083333;-69.55416667
Puno;El Collao;Santa Rosa;210504;Mazo Cruz;Pueblo;3980.6;2432;-16.74222222;-69.71666667
Puno;El Collao;Conduriri;210505;Conduriri;Pueblo;3969.3;1920;-16.62194444;-69.70861111
Puno;Huancané;Huancané;210601;Huancané;Pueblo;3865.6;18129;-15.20083333;-69.76777778
Puno;Huancané;Cojata;210602;Cojata;Pueblo;4354.0;3845;-15.01527778;-69.36555556
Puno;Huancané;Huatasani;210603;Huatasani;Pueblo;3849.1;2785;-15.05944444;-69.80194444
Puno;Huancané;Inchupalla;210604;Inchupalla;Pueblo;3930.1;2266;-15.00972222;-69.68277778
Puno;Huancané;Pusi;210605;Pusi;Pueblo;3850.8;4583;-15.44194444;-69.92972222
Puno;Huancané;Rosaspata;210606;Rosaspata;Pueblo;3891.3;3507;-15.23472222;-69.5275
Puno;Huancané;Taraco;210607;Taraco;Pueblo;3847.9;12998;-15.29722222;-69.97833333
Puno;Huancané;Vilque Chico;210608;Vilque Chico;Pueblo;3851.4;6754;-15.21388889;-69.68916667
Puno;Lampa;Lampa;210701;Lampa;Ciudad;3881.4;11560;-15.36472222;-70.36777778
Puno;Lampa;Cabanilla;210702;Cabanilla;Pueblo;3889.5;6023;-15.62027778;-70.34555556
Puno;Lampa;Calapuja;210703;Calapuja;Pueblo;3851.3;1858;-15.31055556;-70.22166667
Puno;Lampa;Nicasio;210704;Nicasio;Pueblo;3868.1;2123;-15.23555556;-70.26111111
Puno;Lampa;Ocuviri;210705;Ocuviri;Pueblo;4227.3;2112;-15.11388889;-70.90916667
Puno;Lampa;Palca;210706;Palca;Pueblo;4082.1;1276;-15.23694444;-70.59805556
Puno;Lampa;Paratia;210707;Paratia;Pueblo;4351.9;1752;-15.45416667;-70.59972222
Puno;Lampa;Pucará;210708;Pucará;Villa;3894.0;4855;-15.04166667;-70.36777778
Puno;Lampa;Santa Lucía;210709;Santa Lucía;Pueblo;4052.5;6997;-15.69944444;-70.60638889
Puno;Lampa;Vilavila;210710;Vilavila;Pueblo;4316.0;844;-15.18833333;-70.66
Puno;Melgar;Ayaviri;210801;Ayaviri;Ciudad;3936.6;26562;-14.88166667;-70.58944444
Puno;Melgar;Antauta;210802;Antauta;Pueblo;4152.3;5974;-14.29972222;-70.29222222
Puno;Melgar;Cupi;210803;Cupi;Pueblo;3984.3;1780;-14.905;-70.86666667
Puno;Melgar;Llalli;210804;Llalli;Pueblo;3998.4;2019;-14.94805556;-70.88055556
Puno;Melgar;Macari;210805;Macari;Pueblo;3979.1;6780;-14.77166667;-70.90333333
Puno;Melgar;Nuñoa;210806;Nuñoa;Pueblo;4037.8;7192;-14.47611111;-70.63638889
Puno;Melgar;Orurillo;210807;Orurillo;Villa;3915.1;6431;-14.72777778;-70.51222222
Puno;Melgar;Santa Rosa;210808;Santa Rosa;Villa;4010.0;5972;-14.6075;-70.78777778
Puno;Melgar;Umachiri;210809;Umachiri;Pueblo;3943.0;3727;-14.85388889;-70.75388889
Puno;Moho;Moho;210901;Moho;Villa;3902.4;9538;-15.36027778;-69.49972222
Puno;Moho;Conima;210902;Conima;Pueblo;3862.1;3208;-15.45777778;-69.43777778
Puno;Moho;Huayrapata;210903;Huayrapata;Pueblo;3911.6;2118;-15.32138889;-69.34111111
Puno;Moho;Tilali;210904;Tilali;Pueblo;3842.7;2409;-15.515;-69.34805556
Puno;San Antonio de Putina;Putina;211001;Putina;Ciudad;3877.6;12133;-14.91416667;-69.86888889
Puno;San Antonio de Putina;Ananea;211002;Ananea;Pueblo;4705.4;9432;-14.67861111;-69.535
Puno;San Antonio de Putina;Pedro Vilca Apaza;211003;Ayrampuni;Pueblo;3873.0;1751;-15.06361111;-69.88166667
Puno;San Antonio de Putina;Quilcapuncu;211004;Quilcapuncu;Pueblo;3927.7;5626;-14.89361111;-69.73027778
Puno;San Antonio de Putina;Sina;211005;Sina;Pueblo;3181.4;1957;-14.49666667;-69.28027778
Puno;San Román;Juliaca;211101;Juliaca;Ciudad;3876.9;264040;-15.48388889;-70.13333333
Puno;San Román;Cabana;211102;Cabana;Pueblo;3911.6;5668;-15.64916667;-70.32194444
Puno;San Román;Cabanillas;211103;Deustua;Pueblo;3893.7;3877;-15.64444444;-70.35388889
Puno;San Román;Caracoto;211104;Caracoto;Pueblo;3844.2;7702;-15.5675;-70.1025
Puno;San Román;San Miguel;211105;San Miguel;Pueblo;3874.8;79521;-15.46027778;-70.12694444
Puno;Sandia;Sandia;211201;Sandia;Ciudad;2206.4;11013;-14.32222222;-69.46638889
Puno;Sandia;Cuyocuyo;211202;Cuyocuyo;Pueblo;3424.9;5566;-14.47027778;-69.53722222
Puno;Sandia;Limbani;211203;Limbani;Pueblo;3332.7;2872;-14.14972222;-69.69055556
Puno;Sandia;Patambuco;211204;Patambuco;Pueblo;3650.4;4005;-14.36166667;-69.61944444
Puno;Sandia;Phara;211205;Phara;Pueblo;3484.7;6485;-14.15194444;-69.66527778
Puno;Sandia;Quiaca;211206;Quiaca;Pueblo;2969.6;2259;-14.42222222;-69.345
Puno;Sandia;San Juan del Oro;211207;San Juan del Oro;Pueblo;1307.5;2173;-14.22083333;-69.15361111
Puno;Sandia;Yanahuaya;211208;Yanahuaya;Pueblo;1419.4;1902;-14.25861111;-69.16944444
Puno;Sandia;Alto Inambari;211209;Massiapo;Pueblo;1351.9;7138;-14.09;-69.24333333
Puno;Sandia;San Pedro de Putina Punco;211210;Putina Punco;Villa;948.0;9608;-14.1125;-69.04777778
Puno;Yunguyo;Yunguyo;211301;Yunguyo;Ciudad;3850.4;23823;-16.22666667;-69.09555556
Puno;Yunguyo;Anapia;211302;Anapia;Pueblo;3863.6;1596;-16.31388889;-68.85277778
Puno;Yunguyo;Copani;211303;Copani;Pueblo;3864.1;4834;-16.4;-69.04027778
Puno;Yunguyo;Cuturapi;211304;San Juan de Cuturapi;Pueblo;3861.0;1283;-16.27055556;-69.17694444
Puno;Yunguyo;Ollaraya;211305;San Miguel de Ollaraya;Pueblo;3852.0;2082;-16.21972222;-68.99111111
Puno;Yunguyo;Tinicachi;211306;Tinicachi;Pueblo;3853.4;725;-16.19861111;-68.96166667
Puno;Yunguyo;Unicachi;211307;Marcaja;Pueblo;3827.4;553;-16.22361111;-68.98111111
San Martín;Moyobamba;Moyobamba;220101;Moyobamba;Ciudad;894.75;91526;-6.03472222;-76.97416667
San Martín;Moyobamba;Calzada;220102;Calzada;Villa;856.0;4964;-6.03027778;-77.06666667
San Martín;Moyobamba;Habana;220103;Habana;Pueblo;850.1;1635;-6.07972222;-77.09138889
San Martín;Moyobamba;Jepelacio;220104;Jepelacio;Pueblo;1066.5;14811;-6.10805556;-76.91527778
San Martín;Moyobamba;Soritor;220105;Soritor;Villa;904.27;22515;-6.13944444;-77.1025
San Martín;Moyobamba;Yantalo;220106;Yantalo;Pueblo;862.3;2961;-5.97444444;-77.02083333
San Martín;Bellavista;Bellavista;220201;Bellavista;Villa;329.6;20018;-7.05222222;-76.58972222
San Martín;Bellavista;Alto Biavo;220202;Cuzco;Pueblo;253.3;10818;-7.25583333;-76.47666667
San Martín;Bellavista;Bajo Biavo;220203;Nuevo Lima;Pueblo;255.6;16068;-7.10166667;-76.47194444
San Martín;Bellavista;Huallaga;220204;Ledoy;Pueblo;267.4;2728;-7.13111111;-76.64861111
San Martín;Bellavista;San Pablo;220205;San Pablo;Pueblo;277.5;8595;-6.80972222;-76.57472222
San Martín;Bellavista;San Rafael;220206;San Rafael;Pueblo;241.7;6457;-7.02305556;-76.46583333
San Martín;El Dorado;San José de Sisa;220301;San José de Sisa;Villa;342.1;18239;-6.61388889;-76.69527778
San Martín;El Dorado;Agua Blanca;220302;Agua Blanca;Pueblo;317.7;2322;-6.72527778;-76.69527778
San Martín;El Dorado;San Martín;220303;San Martín;Pueblo;436.7;14349;-6.51444444;-76.74055556
San Martín;El Dorado;Santa Rosa;220304;Santa Rosa;Pueblo;288.4;7756;-6.74638889;-76.62361111
San Martín;El Dorado;Shatoja;220305;Shatoja;Pueblo;413.2;3426;-6.52833333;-76.72
San Martín;Huallaga;Saposoa;220401;Saposoa;Ciudad;316.5;15747;-6.93666667;-76.77222222
San Martín;Huallaga;Alto Saposoa;220402;Pasarraya;Pueblo;407.9;6359;-6.76472222;-76.81361111
San Martín;Huallaga;El Eslabón;220403;El Eslabón;Pueblo;292.8;1690;-7.02166667;-76.72333333
San Martín;Huallaga;Piscoyacu;220404;Piscoyacu;Pueblo;309.6;5112;-6.98111111;-76.76944444
San Martín;Huallaga;Sacanche;220405;Sacanche;Pueblo;269.1;2173;-7.07;-76.71361111
San Martín;Huallaga;Tingo de Saposoa;220406;Tingo de Saposoa;Pueblo;258.5;846;-7.09194444;-76.64138889
San Martín;Lamas;Lamas;220501;Lamas;Ciudad;764.0;16081;-6.42388889;-76.52333333
San Martín;Lamas;Alonso de Alvarado;220502;Roque;Pueblo;1089.5;14179;-6.35583333;-76.77527778
San Martín;Lamas;Barranquita;220503;Barranquita;Pueblo;172.7;8280;-6.25222222;-76.03333333
San Martín;Lamas;Caynarachi;220504;Pongo de Caynarachi;Pueblo;193.3;11828;-6.33083333;-76.28416667
San Martín;Lamas;Cuñumbuqui;220505;Cuñumbuqui;Pueblo;248.0;2584;-6.51055556;-76.48166667
San Martín;Lamas;Pinto Recodo;220506;Pinto Recodo;Pueblo;276.2;8887;-6.37916667;-76.60444444
San Martín;Lamas;Rumisapa;220507;Rumisapa;Pueblo;328.0;4132;-6.44888889;-76.47166667
San Martín;Lamas;San Roque de Cumbaza;220508;San Roque de Cumbaza;Pueblo;610.9;1774;-6.38555556;-76.43861111
San Martín;Lamas;Shanao;220509;Shanao;Pueblo;259.7;1632;-6.41166667;-76.59416667
San Martín;Lamas;Tabalosos;220510;Tabalosos;Pueblo;597.0;15127;-6.38944444;-76.63416667
San Martín;Lamas;Zapatero;220511;Zapatero;Villa;298.5;6086;-6.52972222;-76.49416667
San Martín;Mariscal Cáceres;Juanjuí;220601;Juanjuí;Ciudad;299.07;36637;-7.17666667;-76.72388889
San Martín;Mariscal Cáceres;Campanilla;220602;Campanilla;Pueblo;317.6;21348;-7.48305556;-76.64972222
San Martín;Mariscal Cáceres;Huicungo;220603;Huicungo;Pueblo;308.4;10724;-7.31694444;-76.77722222
San Martín;Mariscal Cáceres;Pachiza;220604;Pachiza;Pueblo;294.6;7741;-7.29805556;-76.77333333
San Martín;Mariscal Cáceres;Pajarillo;220605;Pajarillo;Pueblo;285.9;6087;-7.17666667;-76.68861111
San Martín;Picota;Picota;220701;Picota;Villa;227.7;12487;-6.92;-76.33027778
San Martín;Picota;Buenos Aires;220702;Buenos Aires;Pueblo;208.7;2993;-6.79166667;-76.32777778
San Martín;Picota;Caspisapa;220703;Caspisapa;Pueblo;238.3;2254;-6.95638889;-76.41861111
San Martín;Picota;Pilluana;220704;Pilluana;Pueblo;217.9;867;-6.77666667;-76.29166667
San Martín;Picota;Pucacaca;220705;Pucacaca;Pueblo;227.7;3062;-6.84888889;-76.34111111
San Martín;Picota;San Cristóbal;220706;Puerto Rico;Pueblo;238.0;1184;-6.99194444;-76.41777778
San Martín;Picota;San Hilarión;220707;San Cristóbal de Sisa;Pueblo;230.4;3541;-7.00388889;-76.43944444
San Martín;Picota;Shamboyacu;220708;Shamboyacu;Pueblo;289.0;11481;-7.02416667;-76.13277778
San Martín;Picota;Tingo de Ponasa;220709;Tingo de Ponasa;Pueblo;244.0;3797;-6.93611111;-76.25388889
San Martín;Picota;Tres Unidos;220710;Tres Unidos;Pueblo;236.7;4098;-6.80583333;-76.23222222
San Martín;Rioja;Rioja;220801;Rioja;Ciudad;850.2;27752;-6.0625;-77.16833333
San Martín;Rioja;Awajun;220802;Bajo Naranjillo;Pueblo;887.9;8045;-5.81611111;-77.38277778
San Martín;Rioja;Elias Soplín Vargas;220803;Segunda Jerusalen-Azunguillo;Pueblo;853.1;25754;-5.98722222;-77.27805556
San Martín;Rioja;Nueva Cajamarca;220804;Nueva Cajamarca;Pueblo;869.26;50086;-5.93611111;-77.30694444
San Martín;Rioja;Pardo Miguel;220805;Naranjos;Pueblo;962.7;16976;-5.73944444;-77.50444444
San Martín;Rioja;Posic;220806;Posic;Ciudad;838.3;2302;-6.01333333;-77.16194444
San Martín;Rioja;San Fernando;220807;San Fernando;Pueblo;828.2;3619;-5.90194444;-77.26944444
San Martín;Rioja;Yorongos;220808;Yorongos;Ciudad;883.2;2417;-6.13861111;-77.14416667
San Martín;Rioja;Yuracyacu;220809;Yuracyacu;Ciudad;812.1;3631;-5.93111111;-77.22638889
San Martín;San Martín;Tarapoto;220901;Tarapoto;Ciudad;342.3;87244;-6.48944444;-76.36027778
San Martín;San Martín;Alberto Leveau;220902;Utcurarca;Pueblo;215.4;944;-6.66305556;-76.28666667
San Martín;San Martín;Cacatachi;220903;Cacatachi;Pueblo;309.0;4022;-6.46194444;-76.45138889
San Martín;San Martín;Chazuta;220904;Chazuta;Pueblo;188.6;11189;-6.57361111;-76.13777778
San Martín;San Martín;Chipurana;220905;Navarro;Pueblo;152.1;2570;-6.35416667;-75.74138889
San Martín;San Martín;El Porvenir;220906;Pelejo;Pueblo;151.5;2697;-6.21166667;-75.80083333
San Martín;San Martín;Huimbayoc;220907;Huimbayoc;Villa;181.4;5902;-6.41777778;-75.76805556
San Martín;San Martín;Juan Guerra;220908;Juan Guerra;Pueblo;207.4;4428;-6.58416667;-76.33083333
San Martín;San Martín;La Banda de Shilcayo;220909;La Banda;Pueblo;418.31;56142;-6.49;-76.34055556
San Martín;San Martín;Morales;220910;Morales;Pueblo;290.16;50071;-6.47916667;-76.38305556
San Martín;San Martín;Papaplaya;220911;Papaplaya;Pueblo;149.3;1901;-6.24527778;-75.79055556
San Martín;San Martín;San Antonio;220912;San Antonio;Pueblo;498.9;1816;-6.40944444;-76.40666667
San Martín;San Martín;Sauce;220913;Sauce;Pueblo;621.7;6017;-6.69055556;-76.21666667
San Martín;San Martín;Shapaja;220914;Shapaja;Pueblo;214.0;2138;-6.57972222;-76.26194444
San Martín;Tocache;Tocache;221001;Tocache;Villa;519.1;31688;-8.18833333;-76.50944444
San Martín;Tocache;Nuevo Progreso;221002;Nuevo Progreso;Pueblo;512.2;13071;-8.45055556;-76.32638889
San Martín;Tocache;Pólvora;221003;Pólvora;Pueblo;542.9;11272;-7.90777778;-76.66777778
San Martín;Tocache;Shunte;221004;Tambo de Paja;Pueblo;1015.4;1464;-8.35166667;-76.72972222
San Martín;Tocache;Uchiza;221005;Uchiza;Pueblo;565.9;14503;-8.45833333;-76.46166667
San Martín;Tocache;Santa Lucia;221006;Santa Lucía;Ciudad;507.0;6122;-8.34527778;-73.38722222
Tacna;Tacna;Tacna;230101;Tacna;Ciudad;582.6;108210;-18.00194444;-70.25194444
Tacna;Tacna;Alto de La Alianza;230102;La Esperanza;Pueblo;602.8;33577;-17.99305556;-70.24777778
Tacna;Tacna;Calana;230103;Calana;Pueblo;880.9;3645;-17.94333333;-70.18833333
Tacna;Tacna;Ciudad Nueva;230104;Ciudad Nueva;Ciudad;695.47;30801;-17.98194444;-70.23805556
Tacna;Tacna;Inclán;230105;Sama Grande;Pueblo;518.6;2185;-17.79388889;-70.49472222
Tacna;Tacna;Pachia;230106;Pachia;Pueblo;1086.6;2339;-17.89638889;-70.15388889
Tacna;Tacna;Palca;230107;Palca;Pueblo;2938.8;2623;-17.77833333;-69.95972222
Tacna;Tacna;Pocollay;230108;Pocollay;Pueblo;689.64;19522;-17.99666667;-70.22583333
Tacna;Tacna;Sama;230109;Las Yaras;Pueblo;396.9;4190;-17.8625;-70.56
Tacna;Tacna;Coronel Gregorio Albarracin Lanchipa;230110;Alfonso Ugarte;Villa;561.73;162215;-18.04305556;-70.25166667
Tacna;Tacna;La Yarada los Palos;230111;Los Palos;Pueblo;41.993;6953;-18.28611111;-70.43916667
Tacna;Candarave;Candarave;230201;Candarave;Pueblo;3426.7;2306;-17.26805556;-70.25027778
Tacna;Candarave;Cairani;230202;Cairani;Pueblo;3388.7;936;-17.28527778;-70.36361111
Tacna;Candarave;Camilaca;230203;Alto Camilaca;Pueblo;3853.2;1034;-17.2425;-70.38805556
Tacna;Candarave;Curibaya;230204;Curibaya;Pueblo;2412.0;661;-17.38138889;-70.33472222
Tacna;Candarave;Huanuara;230205;Huanuara;Pueblo;3226.0;420;-17.31361111;-70.3225
Tacna;Candarave;Quilahuani;230206;Quilahuani;Pueblo;3204.9;621;-17.31833333;-70.25861111
Tacna;Jorge Basadre;Locumba;230301;Locumba;Pueblo;588.5;2918;-17.61388889;-70.76277778
Tacna;Jorge Basadre;Ilabaya;230302;Ilabaya;Pueblo;1386.6;7747;-17.41805556;-70.51305556
Tacna;Jorge Basadre;Ite;230303;Ite;Pueblo;159.7;3160;-17.86166667;-70.96583333
Tacna;Tarata;Tarata;230401;Tarata;Pueblo;3077.1;3556;-17.475;-70.03194444
Tacna;Tarata;Héroes Albarracín;230402;Chucatamani;Pueblo;2352.0;283;-17.48055556;-70.12305556
Tacna;Tarata;Estique;230403;Estique;Pueblo;3149.0;207;-17.54194444;-70.01833333
Tacna;Tarata;Estique-Pampa;230404;Estique-Pampa;Pueblo;3063.6;311;-17.53861111;-70.03138889
Tacna;Tarata;Sitajara;230405;Sitajara;Pueblo;3163.1;324;-17.37527778;-70.13388889
Tacna;Tarata;Susapaya;230406;Susapaya;Pueblo;3462.0;473;-17.34805556;-70.13361111
Tacna;Tarata;Tarucachi;230407;Tarucachi;Pueblo;3054.4;296;-17.52583333;-70.03166667
Tacna;Tarata;Ticaco;230408;Ticaco;Pueblo;3272.0;576;-17.44722222;-70.04666667
Tumbes;Tumbes;Tumbes;240101;Tumbes;Ciudad;9.2334;121016;-3.57111111;-80.45916667
Tumbes;Tumbes;Corrales;240102;San Pedro de Los Incas;Pueblo;26.648;26518;-3.60138889;-80.48055556
Tumbes;Tumbes;La Cruz;240103;Caleta Cruz;Pueblo;10.3;11376;-3.63722222;-80.59
Tumbes;Tumbes;Pampas de Hospital;240104;Pampas de Hospital;Pueblo;28.1;7792;-3.69333333;-80.43916667
Tumbes;Tumbes;San Jacinto;240105;San Jacinto;Pueblo;23.4;9188;-3.64083333;-80.44527778
Tumbes;Tumbes;San Juan de La Virgen;240106;San Juan de La Virgen;Pueblo;25.8;5177;-3.62777778;-80.43361111
Tumbes;Contralmirante Villar;Zorritos;240201;Zorritos;Ciudad;11.2;15127;-3.6775;-80.66805556
Tumbes;Contralmirante Villar;Casitas;240202;Cañaveral;Pueblo;136.5;2867;-3.94222222;-80.65111111
Tumbes;Contralmirante Villar;Canoas de Punta Sal;240203;Cancas;Villa;65.6;9124;-3.95055556;-80.94
Tumbes;Zarumilla;Zarumilla;240301;Zarumilla;Pueblo;15.0;28414;-3.50111111;-80.27555556
Tumbes;Zarumilla;Aguas Verdes;240302;Aguas Verdes;Villa;12.5;20632;-3.48166667;-80.245
Tumbes;Zarumilla;Matapalo;240303;Matapalo;Pueblo;68.6;5231;-3.68222222;-80.19972222
Tumbes;Zarumilla;Papayal;240304;Papayal;Pueblo;35.7;7672;-3.57138889;-80.235
Ucayali;Coronel Portillo;Calleria;250101;Pucallpa;Ciudad;162.07;185692;-8.36805556;-74.54333333
Ucayali;Coronel Portillo;Campoverde;250102;Campoverde;Pueblo;203.3;21999;-8.47194444;-74.80527778
Ucayali;Coronel Portillo;Iparia;250103;Iparia;Pueblo;169.5;12960;-9.30611111;-74.43555556
Ucayali;Coronel Portillo;Masisea;250104;Masisea;Pueblo;149.6;12127;-8.60472222;-74.30611111
Ucayali;Coronel Portillo;Yarinacocha;250105;Puerto Callao;Pueblo;131.3;131600;-8.35555556;-74.57583333
Ucayali;Coronel Portillo;Nueva Requena;250106;Nueva Requena;Villa;183.0;5984;-8.32055556;-74.85138889
Ucayali;Coronel Portillo;Manantay;250107;San Fernando;Ciudad;165.1;121979;-8.40027778;-74.54138889
Ucayali;Atalaya;Raimondi;250201;Atalaya;Ciudad;255.75992;44287;-10.72972222;-73.75527778
Ucayali;Atalaya;Sepahua;250202;Sepahua;Villa;277.4;8858;-11.13722222;-73.04555556
Ucayali;Atalaya;Tahuania;250203;Bolognesi;Pueblo;196.8;11899;-10.03055556;-73.95638889
Ucayali;Atalaya;Yurua;250204;Breu;Pueblo;240.3;2745;-9.53138889;-72.76
Ucayali;Padre Abad;Padre Abad;250301;Aguaytia;Ciudad;275.0;32586;-9.03361111;-75.5075
Ucayali;Padre Abad;Irazola;250302;San Alejandro;Villa;228.0;13832;-8.82861111;-75.21333333
Ucayali;Padre Abad;Curimaná;250303;Curimaná;Villa;180.9;12000;-8.43333333;-75.14777778
Ucayali;Padre Abad;Neshuya;250304;Monte Alegre;Pueblo;193.4;12301;-8.64;-74.96444444
Ucayali;Padre Abad;Alexander Von Humboldt;250305;Alexander Von Humboldt;Pueblo;237.4;6701;-8.8275;-75.05083333
Ucayali;Padre Abad;Huipoca;250306;Huipoca;Pueblo;304.0;4894;-8.97777778;-75.44722222
Ucayali;Padre Abad;Boquerón;250307;Boquerón;Pueblo;397.0;5750;-9.05972222;-75.63611111
Ucayali;Purús;Purús;250401;Esperanza;Pueblo;227.9;3222;-9.77222222;-70.70972222
